"","id","age_group","age","group","video","stimulus"
"1","male_1","M48",4.4435318275154,"M48_d2_S01_m_Duck","M48_d2_S01_m","Duck"
"2","male_1","M48",4.4435318275154,"M48_d2_S01_m_Fish","M48_d2_S01_m","Fish"
"3","male_1","M48",4.4435318275154,"M48_d2_S01_m_Duck","M48_d2_S01_m","Duck"
"4","male_1","M48",4.4435318275154,"M48_d2_S01_m_Deer","M48_d2_S01_m","Deer"
"5","male_1","M48",4.4435318275154,"M48_d2_S01_m_Deer","M48_d2_S01_m","Deer"
"6","male_1","M48",4.4435318275154,"M48_d2_S01_m_Fish","M48_d2_S01_m","Fish"
"7","male_1","M48",4.4435318275154,"M48_d2_S01_m_Duck","M48_d2_S01_m","Duck"
"8","male_1","M48",4.4435318275154,"M48_d2_S01_m_Deer","M48_d2_S01_m","Deer"
"9","male_1","M48",4.4435318275154,"M48_d2_S01_m_Fish","M48_d2_S01_m","Fish"
"10","male_1","M48",4.4435318275154,"M48_d2_S01_m_Fish","M48_d2_S01_m","Fish"
"11","male_1","M48",4.4435318275154,"M48_d2_S01_m_Deer","M48_d2_S01_m","Deer"
"12","male_1","M48",4.4435318275154,"M48_d2_S01_m_Duck","M48_d2_S01_m","Duck"
"13","male_1","M48",4.4435318275154,"M48_d2_S01_m_Fish","M48_d2_S01_m","Fish"
"14","male_1","M48",4.4435318275154,"M48_d2_S01_m_Deer","M48_d2_S01_m","Deer"
"15","male_1","M48",4.4435318275154,"M48_d2_S01_m_Duck","M48_d2_S01_m","Duck"
"16","male_1","M48",4.4435318275154,"M48_d2_S01_m_Deer","M48_d2_S01_m","Deer"
"17","male_1","M48",4.4435318275154,"M48_d2_S01_m_Fish","M48_d2_S01_m","Fish"
"18","male_1","M48",4.4435318275154,"M48_d2_S01_m_Duck","M48_d2_S01_m","Duck"
"19","male_1","M48",4.4435318275154,"M48_d2_S01_m_Deer","M48_d2_S01_m","Deer"
"20","male_1","M48",4.4435318275154,"M48_d2_S01_m_Fish","M48_d2_S01_m","Fish"
"21","male_1","M48",4.4435318275154,"M48_d2_S01_m_Deer","M48_d2_S01_m","Deer"
"22","male_1","M48",4.4435318275154,"M48_d2_S01_m_Duck","M48_d2_S01_m","Duck"
"23","male_1","M48",4.4435318275154,"M48_d2_S01_m_Duck","M48_d2_S01_m","Duck"
"24","male_1","M48",4.4435318275154,"M48_d2_S01_m_Fish","M48_d2_S01_m","Fish"
"25","male_1","M48",4.4435318275154,"M48_d2_S01_m_Deer","M48_d2_S01_m","Deer"
"26","male_1","M48",4.4435318275154,"M48_d2_S01_m_Duck","M48_d2_S01_m","Duck"
"27","male_1","M48",4.4435318275154,"M48_d2_S01_m_Fish","M48_d2_S01_m","Fish"
"28","male_1","M48",4.4435318275154,"M48_d2_S01_m_Duck","M48_d2_S01_m","Duck"
"29","male_1","M48",4.4435318275154,"M48_d2_S01_m_Deer","M48_d2_S01_m","Deer"
"30","male_1","M48",4.4435318275154,"M48_d2_S01_m_Fish","M48_d2_S01_m","Fish"
"31","male_2","M48",4.45448323066393,"M48_d2_S15_m_Fish","M48_d2_S15_m","Fish"
"32","male_2","M48",4.45448323066393,"M48_d2_S15_m_Duck","M48_d2_S15_m","Duck"
"33","male_2","M48",4.45448323066393,"M48_d2_S15_m_Duck","M48_d2_S15_m","Duck"
"34","male_2","M48",4.45448323066393,"M48_d2_S15_m_Deer","M48_d2_S15_m","Deer"
"35","male_2","M48",4.45448323066393,"M48_d2_S15_m_Fish","M48_d2_S15_m","Fish"
"36","male_2","M48",4.45448323066393,"M48_d2_S15_m_Deer","M48_d2_S15_m","Deer"
"37","male_2","M48",4.45448323066393,"M48_d2_S15_m_Fish","M48_d2_S15_m","Fish"
"38","male_2","M48",4.45448323066393,"M48_d2_S15_m_Duck","M48_d2_S15_m","Duck"
"39","male_2","M48",4.45448323066393,"M48_d2_S15_m_Deer","M48_d2_S15_m","Deer"
"40","male_2","M48",4.45448323066393,"M48_d2_S15_m_Duck","M48_d2_S15_m","Duck"
"41","male_2","M48",4.45448323066393,"M48_d2_S15_m_Deer","M48_d2_S15_m","Deer"
"42","male_2","M48",4.45448323066393,"M48_d2_S15_m_Fish","M48_d2_S15_m","Fish"
"43","male_2","M48",4.45448323066393,"M48_d2_S15_m_Duck","M48_d2_S15_m","Duck"
"44","male_2","M48",4.45448323066393,"M48_d2_S15_m_Fish","M48_d2_S15_m","Fish"
"45","male_2","M48",4.45448323066393,"M48_d2_S15_m_Deer","M48_d2_S15_m","Deer"
"46","male_2","M48",4.45448323066393,"M48_d2_S15_m_Duck","M48_d2_S15_m","Duck"
"47","male_2","M48",4.45448323066393,"M48_d2_S15_m_Deer","M48_d2_S15_m","Deer"
"48","male_2","M48",4.45448323066393,"M48_d2_S15_m_Fish","M48_d2_S15_m","Fish"
"49","male_2","M48",4.45448323066393,"M48_d2_S15_m_Duck","M48_d2_S15_m","Duck"
"50","male_2","M48",4.45448323066393,"M48_d2_S15_m_Deer","M48_d2_S15_m","Deer"
"51","male_2","M48",4.45448323066393,"M48_d2_S15_m_Deer","M48_d2_S15_m","Deer"
"52","male_2","M48",4.45448323066393,"M48_d2_S15_m_Fish","M48_d2_S15_m","Fish"
"53","male_2","M48",4.45448323066393,"M48_d2_S15_m_Fish","M48_d2_S15_m","Fish"
"54","male_2","M48",4.45448323066393,"M48_d2_S15_m_Duck","M48_d2_S15_m","Duck"
"55","male_2","M48",4.45448323066393,"M48_d2_S15_m_Fish","M48_d2_S15_m","Fish"
"56","male_2","M48",4.45448323066393,"M48_d2_S15_m_Duck","M48_d2_S15_m","Duck"
"57","male_2","M48",4.45448323066393,"M48_d2_S15_m_Deer","M48_d2_S15_m","Deer"
"58","male_2","M48",4.45448323066393,"M48_d2_S15_m_Duck","M48_d2_S15_m","Duck"
"59","male_2","M48",4.45448323066393,"M48_d2_S15_m_Deer","M48_d2_S15_m","Deer"
"60","male_2","M48",4.45448323066393,"M48_d2_S15_m_Fish","M48_d2_S15_m","Fish"
"61","male_3","M48",4.38056125941136,"M48_d2_S04_m_Deer","M48_d2_S04_m","Deer"
"62","male_3","M48",4.38056125941136,"M48_d2_S04_m_Duck","M48_d2_S04_m","Duck"
"63","male_3","M48",4.38056125941136,"M48_d2_S04_m_Duck","M48_d2_S04_m","Duck"
"64","male_3","M48",4.38056125941136,"M48_d2_S04_m_Fish","M48_d2_S04_m","Fish"
"65","male_3","M48",4.38056125941136,"M48_d2_S04_m_Deer","M48_d2_S04_m","Deer"
"66","male_3","M48",4.38056125941136,"M48_d2_S04_m_Fish","M48_d2_S04_m","Fish"
"67","male_3","M48",4.38056125941136,"M48_d2_S04_m_Deer","M48_d2_S04_m","Deer"
"68","male_3","M48",4.38056125941136,"M48_d2_S04_m_Duck","M48_d2_S04_m","Duck"
"69","male_3","M48",4.38056125941136,"M48_d2_S04_m_Duck","M48_d2_S04_m","Duck"
"70","male_3","M48",4.38056125941136,"M48_d2_S04_m_Fish","M48_d2_S04_m","Fish"
"71","male_3","M48",4.38056125941136,"M48_d2_S04_m_Deer","M48_d2_S04_m","Deer"
"72","male_3","M48",4.38056125941136,"M48_d2_S04_m_Fish","M48_d2_S04_m","Fish"
"73","male_3","M48",4.38056125941136,"M48_d2_S04_m_Duck","M48_d2_S04_m","Duck"
"74","male_3","M48",4.38056125941136,"M48_d2_S04_m_Deer","M48_d2_S04_m","Deer"
"75","male_3","M48",4.38056125941136,"M48_d2_S04_m_Fish","M48_d2_S04_m","Fish"
"76","male_3","M48",4.38056125941136,"M48_d2_S04_m_Deer","M48_d2_S04_m","Deer"
"77","male_3","M48",4.38056125941136,"M48_d2_S04_m_Fish","M48_d2_S04_m","Fish"
"78","male_3","M48",4.38056125941136,"M48_d2_S04_m_Duck","M48_d2_S04_m","Duck"
"79","male_3","M48",4.38056125941136,"M48_d2_S04_m_Duck","M48_d2_S04_m","Duck"
"80","male_3","M48",4.38056125941136,"M48_d2_S04_m_Fish","M48_d2_S04_m","Fish"
"81","male_3","M48",4.38056125941136,"M48_d2_S04_m_Deer","M48_d2_S04_m","Deer"
"82","male_3","M48",4.38056125941136,"M48_d2_S04_m_Duck","M48_d2_S04_m","Duck"
"83","male_3","M48",4.38056125941136,"M48_d2_S04_m_Fish","M48_d2_S04_m","Fish"
"84","male_3","M48",4.38056125941136,"M48_d2_S04_m_Deer","M48_d2_S04_m","Deer"
"85","male_3","M48",4.38056125941136,"M48_d2_S04_m_Fish","M48_d2_S04_m","Fish"
"86","male_3","M48",4.38056125941136,"M48_d2_S04_m_Deer","M48_d2_S04_m","Deer"
"87","male_3","M48",4.38056125941136,"M48_d2_S04_m_Duck","M48_d2_S04_m","Duck"
"88","male_3","M48",4.38056125941136,"M48_d2_S04_m_Fish","M48_d2_S04_m","Fish"
"89","male_3","M48",4.38056125941136,"M48_d2_S04_m_Duck","M48_d2_S04_m","Duck"
"90","male_3","M48",4.38056125941136,"M48_d2_S04_m_Deer","M48_d2_S04_m","Deer"
"91","male_4","M48",4.45722108145106,"M48_d2_S05_m_Deer","M48_d2_S05_m","Deer"
"92","male_4","M48",4.45722108145106,"M48_d2_S05_m_Fish","M48_d2_S05_m","Fish"
"93","male_4","M48",4.45722108145106,"M48_d2_S05_m_Deer","M48_d2_S05_m","Deer"
"94","male_4","M48",4.45722108145106,"M48_d2_S05_m_Duck","M48_d2_S05_m","Duck"
"95","male_4","M48",4.45722108145106,"M48_d2_S05_m_Duck","M48_d2_S05_m","Duck"
"96","male_4","M48",4.45722108145106,"M48_d2_S05_m_Fish","M48_d2_S05_m","Fish"
"97","male_4","M48",4.45722108145106,"M48_d2_S05_m_Deer","M48_d2_S05_m","Deer"
"98","male_4","M48",4.45722108145106,"M48_d2_S05_m_Fish","M48_d2_S05_m","Fish"
"99","male_4","M48",4.45722108145106,"M48_d2_S05_m_Deer","M48_d2_S05_m","Deer"
"100","male_4","M48",4.45722108145106,"M48_d2_S05_m_Duck","M48_d2_S05_m","Duck"
"101","male_4","M48",4.45722108145106,"M48_d2_S05_m_Duck","M48_d2_S05_m","Duck"
"102","male_4","M48",4.45722108145106,"M48_d2_S05_m_Fish","M48_d2_S05_m","Fish"
"103","male_4","M48",4.45722108145106,"M48_d2_S05_m_Duck","M48_d2_S05_m","Duck"
"104","male_4","M48",4.45722108145106,"M48_d2_S05_m_Fish","M48_d2_S05_m","Fish"
"105","male_4","M48",4.45722108145106,"M48_d2_S05_m_Duck","M48_d2_S05_m","Duck"
"106","male_4","M48",4.45722108145106,"M48_d2_S05_m_Deer","M48_d2_S05_m","Deer"
"107","male_4","M48",4.45722108145106,"M48_d2_S05_m_Deer","M48_d2_S05_m","Deer"
"108","male_4","M48",4.45722108145106,"M48_d2_S05_m_Fish","M48_d2_S05_m","Fish"
"109","male_4","M48",4.45722108145106,"M48_d2_S05_m_Duck","M48_d2_S05_m","Duck"
"110","male_4","M48",4.45722108145106,"M48_d2_S05_m_Deer","M48_d2_S05_m","Deer"
"111","male_4","M48",4.45722108145106,"M48_d2_S05_m_Fish","M48_d2_S05_m","Fish"
"112","male_4","M48",4.45722108145106,"M48_d2_S05_m_Deer","M48_d2_S05_m","Deer"
"113","male_4","M48",4.45722108145106,"M48_d2_S05_m_Fish","M48_d2_S05_m","Fish"
"114","male_4","M48",4.45722108145106,"M48_d2_S05_m_Duck","M48_d2_S05_m","Duck"
"115","male_4","M48",4.45722108145106,"M48_d2_S05_m_Deer","M48_d2_S05_m","Deer"
"116","male_4","M48",4.45722108145106,"M48_d2_S05_m_Fish","M48_d2_S05_m","Fish"
"117","male_4","M48",4.45722108145106,"M48_d2_S05_m_Deer","M48_d2_S05_m","Deer"
"118","male_4","M48",4.45722108145106,"M48_d2_S05_m_Duck","M48_d2_S05_m","Duck"
"119","male_4","M48",4.45722108145106,"M48_d2_S05_m_Duck","M48_d2_S05_m","Duck"
"120","male_4","M48",4.45722108145106,"M48_d2_S05_m_Fish","M48_d2_S05_m","Fish"
"121","male_5","M48",4.42984257357974,"M48_d2_S06_m_Duck","M48_d2_S06_m","Duck"
"122","male_5","M48",4.42984257357974,"M48_d2_S06_m_Deer","M48_d2_S06_m","Deer"
"123","male_5","M48",4.42984257357974,"M48_d2_S06_m_Fish","M48_d2_S06_m","Fish"
"124","male_5","M48",4.42984257357974,"M48_d2_S06_m_Fish","M48_d2_S06_m","Fish"
"125","male_5","M48",4.42984257357974,"M48_d2_S06_m_Deer","M48_d2_S06_m","Deer"
"126","male_5","M48",4.42984257357974,"M48_d2_S06_m_Duck","M48_d2_S06_m","Duck"
"127","male_5","M48",4.42984257357974,"M48_d2_S06_m_Fish","M48_d2_S06_m","Fish"
"128","male_5","M48",4.42984257357974,"M48_d2_S06_m_Duck","M48_d2_S06_m","Duck"
"129","male_5","M48",4.42984257357974,"M48_d2_S06_m_Deer","M48_d2_S06_m","Deer"
"130","male_5","M48",4.42984257357974,"M48_d2_S06_m_Duck","M48_d2_S06_m","Duck"
"131","male_5","M48",4.42984257357974,"M48_d2_S06_m_Deer","M48_d2_S06_m","Deer"
"132","male_5","M48",4.42984257357974,"M48_d2_S06_m_Fish","M48_d2_S06_m","Fish"
"133","male_5","M48",4.42984257357974,"M48_d2_S06_m_Duck","M48_d2_S06_m","Duck"
"134","male_5","M48",4.42984257357974,"M48_d2_S06_m_Fish","M48_d2_S06_m","Fish"
"135","male_5","M48",4.42984257357974,"M48_d2_S06_m_Deer","M48_d2_S06_m","Deer"
"136","male_5","M48",4.42984257357974,"M48_d2_S06_m_Fish","M48_d2_S06_m","Fish"
"137","male_5","M48",4.42984257357974,"M48_d2_S06_m_Duck","M48_d2_S06_m","Duck"
"138","male_5","M48",4.42984257357974,"M48_d2_S06_m_Deer","M48_d2_S06_m","Deer"
"139","male_5","M48",4.42984257357974,"M48_d2_S06_m_Duck","M48_d2_S06_m","Duck"
"140","male_5","M48",4.42984257357974,"M48_d2_S06_m_Fish","M48_d2_S06_m","Fish"
"141","male_5","M48",4.42984257357974,"M48_d2_S06_m_Deer","M48_d2_S06_m","Deer"
"142","male_5","M48",4.42984257357974,"M48_d2_S06_m_Duck","M48_d2_S06_m","Duck"
"143","male_5","M48",4.42984257357974,"M48_d2_S06_m_Deer","M48_d2_S06_m","Deer"
"144","male_5","M48",4.42984257357974,"M48_d2_S06_m_Fish","M48_d2_S06_m","Fish"
"145","male_5","M48",4.42984257357974,"M48_d2_S06_m_Duck","M48_d2_S06_m","Duck"
"146","male_5","M48",4.42984257357974,"M48_d2_S06_m_Deer","M48_d2_S06_m","Deer"
"147","male_5","M48",4.42984257357974,"M48_d2_S06_m_Deer","M48_d2_S06_m","Deer"
"148","male_5","M48",4.42984257357974,"M48_d2_S06_m_Fish","M48_d2_S06_m","Fish"
"149","male_5","M48",4.42984257357974,"M48_d2_S06_m_Fish","M48_d2_S06_m","Fish"
"150","male_5","M48",4.42984257357974,"M48_d2_S06_m_Duck","M48_d2_S06_m","Duck"
"151","male_6","M48",4.45995893223819,"M48_d2_S09_m_Deer","M48_d2_S09_m","Deer"
"152","male_6","M48",4.45995893223819,"M48_d2_S09_m_Fish","M48_d2_S09_m","Fish"
"153","male_6","M48",4.45995893223819,"M48_d2_S09_m_Duck","M48_d2_S09_m","Duck"
"154","male_6","M48",4.45995893223819,"M48_d2_S09_m_Duck","M48_d2_S09_m","Duck"
"155","male_6","M48",4.45995893223819,"M48_d2_S09_m_Fish","M48_d2_S09_m","Fish"
"156","male_6","M48",4.45995893223819,"M48_d2_S09_m_Deer","M48_d2_S09_m","Deer"
"157","male_6","M48",4.45995893223819,"M48_d2_S09_m_Duck","M48_d2_S09_m","Duck"
"158","male_6","M48",4.45995893223819,"M48_d2_S09_m_Fish","M48_d2_S09_m","Fish"
"159","male_6","M48",4.45995893223819,"M48_d2_S09_m_Deer","M48_d2_S09_m","Deer"
"160","male_6","M48",4.45995893223819,"M48_d2_S09_m_Duck","M48_d2_S09_m","Duck"
"161","male_6","M48",4.45995893223819,"M48_d2_S09_m_Fish","M48_d2_S09_m","Fish"
"162","male_6","M48",4.45995893223819,"M48_d2_S09_m_Deer","M48_d2_S09_m","Deer"
"163","male_6","M48",4.45995893223819,"M48_d2_S09_m_Duck","M48_d2_S09_m","Duck"
"164","male_6","M48",4.45995893223819,"M48_d2_S09_m_Fish","M48_d2_S09_m","Fish"
"165","male_6","M48",4.45995893223819,"M48_d2_S09_m_Deer","M48_d2_S09_m","Deer"
"166","male_6","M48",4.45995893223819,"M48_d2_S09_m_Fish","M48_d2_S09_m","Fish"
"167","male_6","M48",4.45995893223819,"M48_d2_S09_m_Duck","M48_d2_S09_m","Duck"
"168","male_6","M48",4.45995893223819,"M48_d2_S09_m_Deer","M48_d2_S09_m","Deer"
"169","male_6","M48",4.45995893223819,"M48_d2_S09_m_Fish","M48_d2_S09_m","Fish"
"170","male_6","M48",4.45995893223819,"M48_d2_S09_m_Deer","M48_d2_S09_m","Deer"
"171","male_6","M48",4.45995893223819,"M48_d2_S09_m_Fish","M48_d2_S09_m","Fish"
"172","male_6","M48",4.45995893223819,"M48_d2_S09_m_Duck","M48_d2_S09_m","Duck"
"173","male_6","M48",4.45995893223819,"M48_d2_S09_m_Duck","M48_d2_S09_m","Duck"
"174","male_6","M48",4.45995893223819,"M48_d2_S09_m_Deer","M48_d2_S09_m","Deer"
"175","male_6","M48",4.45995893223819,"M48_d2_S09_m_Deer","M48_d2_S09_m","Deer"
"176","male_6","M48",4.45995893223819,"M48_d2_S09_m_Fish","M48_d2_S09_m","Fish"
"177","male_6","M48",4.45995893223819,"M48_d2_S09_m_Duck","M48_d2_S09_m","Duck"
"178","male_6","M48",4.45995893223819,"M48_d2_S09_m_Duck","M48_d2_S09_m","Duck"
"179","male_6","M48",4.45995893223819,"M48_d2_S09_m_Fish","M48_d2_S09_m","Fish"
"180","male_6","M48",4.45995893223819,"M48_d2_S09_m_Deer","M48_d2_S09_m","Deer"
"181","female_1","M48",4.20533880903491,"M48_d2_S03_f_Fish","M48_d2_S03_f","Fish"
"182","female_1","M48",4.20533880903491,"M48_d2_S03_f_Deer","M48_d2_S03_f","Deer"
"183","female_1","M48",4.20533880903491,"M48_d2_S03_f_Duck","M48_d2_S03_f","Duck"
"184","female_1","M48",4.20533880903491,"M48_d2_S03_f_Deer","M48_d2_S03_f","Deer"
"185","female_1","M48",4.20533880903491,"M48_d2_S03_f_Fish","M48_d2_S03_f","Fish"
"186","female_1","M48",4.20533880903491,"M48_d2_S03_f_Duck","M48_d2_S03_f","Duck"
"187","female_1","M48",4.20533880903491,"M48_d2_S03_f_Fish","M48_d2_S03_f","Fish"
"188","female_1","M48",4.20533880903491,"M48_d2_S03_f_Deer","M48_d2_S03_f","Deer"
"189","female_1","M48",4.20533880903491,"M48_d2_S03_f_Duck","M48_d2_S03_f","Duck"
"190","female_1","M48",4.20533880903491,"M48_d2_S03_f_Deer","M48_d2_S03_f","Deer"
"191","female_1","M48",4.20533880903491,"M48_d2_S03_f_Fish","M48_d2_S03_f","Fish"
"192","female_1","M48",4.20533880903491,"M48_d2_S03_f_Duck","M48_d2_S03_f","Duck"
"193","female_1","M48",4.20533880903491,"M48_d2_S03_f_Deer","M48_d2_S03_f","Deer"
"194","female_1","M48",4.20533880903491,"M48_d2_S03_f_Deer","M48_d2_S03_f","Deer"
"195","female_1","M48",4.20533880903491,"M48_d2_S03_f_Fish","M48_d2_S03_f","Fish"
"196","female_1","M48",4.20533880903491,"M48_d2_S03_f_Duck","M48_d2_S03_f","Duck"
"197","female_1","M48",4.20533880903491,"M48_d2_S03_f_Fish","M48_d2_S03_f","Fish"
"198","female_1","M48",4.20533880903491,"M48_d2_S03_f_Duck","M48_d2_S03_f","Duck"
"199","female_1","M48",4.20533880903491,"M48_d2_S03_f_Duck","M48_d2_S03_f","Duck"
"200","female_1","M48",4.20533880903491,"M48_d2_S03_f_Fish","M48_d2_S03_f","Fish"
"201","female_1","M48",4.20533880903491,"M48_d2_S03_f_Duck","M48_d2_S03_f","Duck"
"202","female_1","M48",4.20533880903491,"M48_d2_S03_f_Deer","M48_d2_S03_f","Deer"
"203","female_1","M48",4.20533880903491,"M48_d2_S03_f_Deer","M48_d2_S03_f","Deer"
"204","female_1","M48",4.20533880903491,"M48_d2_S03_f_Fish","M48_d2_S03_f","Fish"
"205","female_1","M48",4.20533880903491,"M48_d2_S03_f_Duck","M48_d2_S03_f","Duck"
"206","female_1","M48",4.20533880903491,"M48_d2_S03_f_Fish","M48_d2_S03_f","Fish"
"207","female_1","M48",4.20533880903491,"M48_d2_S03_f_Deer","M48_d2_S03_f","Deer"
"208","female_1","M48",4.20533880903491,"M48_d2_S03_f_Duck","M48_d2_S03_f","Duck"
"209","female_1","M48",4.20533880903491,"M48_d2_S03_f_Deer","M48_d2_S03_f","Deer"
"210","female_1","M48",4.20533880903491,"M48_d2_S03_f_Fish","M48_d2_S03_f","Fish"
"211","female_2","M48",4.37234770704997,"M48_d2_S02_f_Duck","M48_d2_S02_f","Duck"
"212","female_2","M48",4.37234770704997,"M48_d2_S02_f_Fish","M48_d2_S02_f","Fish"
"213","female_2","M48",4.37234770704997,"M48_d2_S02_f_Deer","M48_d2_S02_f","Deer"
"214","female_2","M48",4.37234770704997,"M48_d2_S02_f_Duck","M48_d2_S02_f","Duck"
"215","female_2","M48",4.37234770704997,"M48_d2_S02_f_Deer","M48_d2_S02_f","Deer"
"216","female_2","M48",4.37234770704997,"M48_d2_S02_f_Fish","M48_d2_S02_f","Fish"
"217","female_2","M48",4.37234770704997,"M48_d2_S02_f_Duck","M48_d2_S02_f","Duck"
"218","female_2","M48",4.37234770704997,"M48_d2_S02_f_Fish","M48_d2_S02_f","Fish"
"219","female_2","M48",4.37234770704997,"M48_d2_S02_f_Deer","M48_d2_S02_f","Deer"
"220","female_2","M48",4.37234770704997,"M48_d2_S02_f_Duck","M48_d2_S02_f","Duck"
"221","female_2","M48",4.37234770704997,"M48_d2_S02_f_Deer","M48_d2_S02_f","Deer"
"222","female_2","M48",4.37234770704997,"M48_d2_S02_f_Fish","M48_d2_S02_f","Fish"
"223","female_2","M48",4.37234770704997,"M48_d2_S02_f_Duck","M48_d2_S02_f","Duck"
"224","female_2","M48",4.37234770704997,"M48_d2_S02_f_Fish","M48_d2_S02_f","Fish"
"225","female_2","M48",4.37234770704997,"M48_d2_S02_f_Deer","M48_d2_S02_f","Deer"
"226","female_2","M48",4.37234770704997,"M48_d2_S02_f_Duck","M48_d2_S02_f","Duck"
"227","female_2","M48",4.37234770704997,"M48_d2_S02_f_Deer","M48_d2_S02_f","Deer"
"228","female_2","M48",4.37234770704997,"M48_d2_S02_f_Fish","M48_d2_S02_f","Fish"
"229","female_2","M48",4.37234770704997,"M48_d2_S02_f_Duck","M48_d2_S02_f","Duck"
"230","female_2","M48",4.37234770704997,"M48_d2_S02_f_Fish","M48_d2_S02_f","Fish"
"231","female_2","M48",4.37234770704997,"M48_d2_S02_f_Deer","M48_d2_S02_f","Deer"
"232","female_2","M48",4.37234770704997,"M48_d2_S02_f_Fish","M48_d2_S02_f","Fish"
"233","female_2","M48",4.37234770704997,"M48_d2_S02_f_Duck","M48_d2_S02_f","Duck"
"234","female_2","M48",4.37234770704997,"M48_d2_S02_f_Deer","M48_d2_S02_f","Deer"
"235","female_2","M48",4.37234770704997,"M48_d2_S02_f_Fish","M48_d2_S02_f","Fish"
"236","female_2","M48",4.37234770704997,"M48_d2_S02_f_Deer","M48_d2_S02_f","Deer"
"237","female_2","M48",4.37234770704997,"M48_d2_S02_f_Duck","M48_d2_S02_f","Duck"
"238","female_2","M48",4.37234770704997,"M48_d2_S02_f_Deer","M48_d2_S02_f","Deer"
"239","female_2","M48",4.37234770704997,"M48_d2_S02_f_Fish","M48_d2_S02_f","Fish"
"240","female_2","M48",4.37234770704997,"M48_d2_S02_f_Duck","M48_d2_S02_f","Duck"
"241","female_3","M48",4.52292950034223,"M48_d2_S08_f_Fish","M48_d2_S08_f","Fish"
"242","female_3","M48",4.52292950034223,"M48_d2_S08_f_Deer","M48_d2_S08_f","Deer"
"243","female_3","M48",4.52292950034223,"M48_d2_S08_f_Fish","M48_d2_S08_f","Fish"
"244","female_3","M48",4.52292950034223,"M48_d2_S08_f_Duck","M48_d2_S08_f","Duck"
"245","female_3","M48",4.52292950034223,"M48_d2_S08_f_Duck","M48_d2_S08_f","Duck"
"246","female_3","M48",4.52292950034223,"M48_d2_S08_f_Deer","M48_d2_S08_f","Deer"
"247","female_3","M48",4.52292950034223,"M48_d2_S08_f_Fish","M48_d2_S08_f","Fish"
"248","female_3","M48",4.52292950034223,"M48_d2_S08_f_Deer","M48_d2_S08_f","Deer"
"249","female_3","M48",4.52292950034223,"M48_d2_S08_f_Duck","M48_d2_S08_f","Duck"
"250","female_3","M48",4.52292950034223,"M48_d2_S08_f_Fish","M48_d2_S08_f","Fish"
"251","female_3","M48",4.52292950034223,"M48_d2_S08_f_Duck","M48_d2_S08_f","Duck"
"252","female_3","M48",4.52292950034223,"M48_d2_S08_f_Deer","M48_d2_S08_f","Deer"
"253","female_3","M48",4.52292950034223,"M48_d2_S08_f_Duck","M48_d2_S08_f","Duck"
"254","female_3","M48",4.52292950034223,"M48_d2_S08_f_Deer","M48_d2_S08_f","Deer"
"255","female_3","M48",4.52292950034223,"M48_d2_S08_f_Duck","M48_d2_S08_f","Duck"
"256","female_3","M48",4.52292950034223,"M48_d2_S08_f_Fish","M48_d2_S08_f","Fish"
"257","female_3","M48",4.52292950034223,"M48_d2_S08_f_Deer","M48_d2_S08_f","Deer"
"258","female_3","M48",4.52292950034223,"M48_d2_S08_f_Fish","M48_d2_S08_f","Fish"
"259","female_3","M48",4.52292950034223,"M48_d2_S08_f_Deer","M48_d2_S08_f","Deer"
"260","female_3","M48",4.52292950034223,"M48_d2_S08_f_Fish","M48_d2_S08_f","Fish"
"261","female_3","M48",4.52292950034223,"M48_d2_S08_f_Deer","M48_d2_S08_f","Deer"
"262","female_3","M48",4.52292950034223,"M48_d2_S08_f_Duck","M48_d2_S08_f","Duck"
"263","female_3","M48",4.52292950034223,"M48_d2_S08_f_Fish","M48_d2_S08_f","Fish"
"264","female_3","M48",4.52292950034223,"M48_d2_S08_f_Duck","M48_d2_S08_f","Duck"
"265","female_3","M48",4.52292950034223,"M48_d2_S08_f_Fish","M48_d2_S08_f","Fish"
"266","female_3","M48",4.52292950034223,"M48_d2_S08_f_Deer","M48_d2_S08_f","Deer"
"267","female_3","M48",4.52292950034223,"M48_d2_S08_f_Fish","M48_d2_S08_f","Fish"
"268","female_3","M48",4.52292950034223,"M48_d2_S08_f_Duck","M48_d2_S08_f","Duck"
"269","female_3","M48",4.52292950034223,"M48_d2_S08_f_Duck","M48_d2_S08_f","Duck"
"270","female_3","M48",4.52292950034223,"M48_d2_S08_f_Deer","M48_d2_S08_f","Deer"
"271","female_4","M48",4.47091033538672,"M48_d2_S08_f_Duck","M48_d2_S08_f","Duck"
"272","female_4","M48",4.47091033538672,"M48_d2_S08_f_Fish","M48_d2_S08_f","Fish"
"273","female_4","M48",4.47091033538672,"M48_d2_S08_f_Duck","M48_d2_S08_f","Duck"
"274","female_4","M48",4.47091033538672,"M48_d2_S08_f_Deer","M48_d2_S08_f","Deer"
"275","female_4","M48",4.47091033538672,"M48_d2_S08_f_Deer","M48_d2_S08_f","Deer"
"276","female_4","M48",4.47091033538672,"M48_d2_S08_f_Fish","M48_d2_S08_f","Fish"
"277","female_4","M48",4.47091033538672,"M48_d2_S08_f_Duck","M48_d2_S08_f","Duck"
"278","female_4","M48",4.47091033538672,"M48_d2_S08_f_Fish","M48_d2_S08_f","Fish"
"279","female_4","M48",4.47091033538672,"M48_d2_S08_f_Duck","M48_d2_S08_f","Duck"
"280","female_4","M48",4.47091033538672,"M48_d2_S08_f_Deer","M48_d2_S08_f","Deer"
"281","female_4","M48",4.47091033538672,"M48_d2_S08_f_Deer","M48_d2_S08_f","Deer"
"282","female_4","M48",4.47091033538672,"M48_d2_S08_f_Fish","M48_d2_S08_f","Fish"
"283","female_4","M48",4.47091033538672,"M48_d2_S08_f_Deer","M48_d2_S08_f","Deer"
"284","female_4","M48",4.47091033538672,"M48_d2_S08_f_Fish","M48_d2_S08_f","Fish"
"285","female_4","M48",4.47091033538672,"M48_d2_S08_f_Deer","M48_d2_S08_f","Deer"
"286","female_4","M48",4.47091033538672,"M48_d2_S08_f_Duck","M48_d2_S08_f","Duck"
"287","female_4","M48",4.47091033538672,"M48_d2_S08_f_Duck","M48_d2_S08_f","Duck"
"288","female_4","M48",4.47091033538672,"M48_d2_S08_f_Fish","M48_d2_S08_f","Fish"
"289","female_4","M48",4.47091033538672,"M48_d2_S08_f_Duck","M48_d2_S08_f","Duck"
"290","female_4","M48",4.47091033538672,"M48_d2_S08_f_Fish","M48_d2_S08_f","Fish"
"291","female_4","M48",4.47091033538672,"M48_d2_S08_f_Deer","M48_d2_S08_f","Deer"
"292","female_4","M48",4.47091033538672,"M48_d2_S08_f_Fish","M48_d2_S08_f","Fish"
"293","female_4","M48",4.47091033538672,"M48_d2_S08_f_Duck","M48_d2_S08_f","Duck"
"294","female_4","M48",4.47091033538672,"M48_d2_S08_f_Deer","M48_d2_S08_f","Deer"
"295","female_4","M48",4.47091033538672,"M48_d2_S08_f_Duck","M48_d2_S08_f","Duck"
"296","female_4","M48",4.47091033538672,"M48_d2_S08_f_Fish","M48_d2_S08_f","Fish"
"297","female_4","M48",4.47091033538672,"M48_d2_S08_f_Duck","M48_d2_S08_f","Duck"
"298","female_4","M48",4.47091033538672,"M48_d2_S08_f_Deer","M48_d2_S08_f","Deer"
"299","female_4","M48",4.47091033538672,"M48_d2_S08_f_Deer","M48_d2_S08_f","Deer"
"300","female_4","M48",4.47091033538672,"M48_d2_S08_f_Fish","M48_d2_S08_f","Fish"
"301","female_5","M48",4.34770704996578,"M48_d2_S11_f_Duck","M48_d2_S11_f","Duck"
"302","female_5","M48",4.34770704996578,"M48_d2_S11_f_Fish","M48_d2_S11_f","Fish"
"303","female_5","M48",4.34770704996578,"M48_d2_S11_f_Deer","M48_d2_S11_f","Deer"
"304","female_5","M48",4.34770704996578,"M48_d2_S11_f_Fish","M48_d2_S11_f","Fish"
"305","female_5","M48",4.34770704996578,"M48_d2_S11_f_Duck","M48_d2_S11_f","Duck"
"306","female_5","M48",4.34770704996578,"M48_d2_S11_f_Deer","M48_d2_S11_f","Deer"
"307","female_5","M48",4.34770704996578,"M48_d2_S11_f_Duck","M48_d2_S11_f","Duck"
"308","female_5","M48",4.34770704996578,"M48_d2_S11_f_Fish","M48_d2_S11_f","Fish"
"309","female_5","M48",4.34770704996578,"M48_d2_S11_f_Deer","M48_d2_S11_f","Deer"
"310","female_5","M48",4.34770704996578,"M48_d2_S11_f_Fish","M48_d2_S11_f","Fish"
"311","female_5","M48",4.34770704996578,"M48_d2_S11_f_Duck","M48_d2_S11_f","Duck"
"312","female_5","M48",4.34770704996578,"M48_d2_S11_f_Deer","M48_d2_S11_f","Deer"
"313","female_5","M48",4.34770704996578,"M48_d2_S11_f_Duck","M48_d2_S11_f","Duck"
"314","female_5","M48",4.34770704996578,"M48_d2_S11_f_Deer","M48_d2_S11_f","Deer"
"315","female_5","M48",4.34770704996578,"M48_d2_S11_f_Deer","M48_d2_S11_f","Deer"
"316","female_5","M48",4.34770704996578,"M48_d2_S11_f_Fish","M48_d2_S11_f","Fish"
"317","female_5","M48",4.34770704996578,"M48_d2_S11_f_Fish","M48_d2_S11_f","Fish"
"318","female_5","M48",4.34770704996578,"M48_d2_S11_f_Duck","M48_d2_S11_f","Duck"
"319","female_5","M48",4.34770704996578,"M48_d2_S11_f_Fish","M48_d2_S11_f","Fish"
"320","female_5","M48",4.34770704996578,"M48_d2_S11_f_Duck","M48_d2_S11_f","Duck"
"321","female_5","M48",4.34770704996578,"M48_d2_S11_f_Deer","M48_d2_S11_f","Deer"
"322","female_5","M48",4.34770704996578,"M48_d2_S11_f_Duck","M48_d2_S11_f","Duck"
"323","female_5","M48",4.34770704996578,"M48_d2_S11_f_Deer","M48_d2_S11_f","Deer"
"324","female_5","M48",4.34770704996578,"M48_d2_S11_f_Fish","M48_d2_S11_f","Fish"
"325","female_5","M48",4.34770704996578,"M48_d2_S11_f_Duck","M48_d2_S11_f","Duck"
"326","female_5","M48",4.34770704996578,"M48_d2_S11_f_Fish","M48_d2_S11_f","Fish"
"327","female_5","M48",4.34770704996578,"M48_d2_S11_f_Deer","M48_d2_S11_f","Deer"
"328","female_5","M48",4.34770704996578,"M48_d2_S11_f_Fish","M48_d2_S11_f","Fish"
"329","female_5","M48",4.34770704996578,"M48_d2_S11_f_Duck","M48_d2_S11_f","Duck"
"330","female_5","M48",4.34770704996578,"M48_d2_S11_f_Deer","M48_d2_S11_f","Deer"
"331","female_6","M48",3.76454483230664,"M48_d2_S10_f_Deer","M48_d2_S10_f","Deer"
"332","female_6","M48",3.76454483230664,"M48_d2_S10_f_Fish","M48_d2_S10_f","Fish"
"333","female_6","M48",3.76454483230664,"M48_d2_S10_f_Deer","M48_d2_S10_f","Deer"
"334","female_6","M48",3.76454483230664,"M48_d2_S10_f_Duck","M48_d2_S10_f","Duck"
"335","female_6","M48",3.76454483230664,"M48_d2_S10_f_Fish","M48_d2_S10_f","Fish"
"336","female_6","M48",3.76454483230664,"M48_d2_S10_f_Duck","M48_d2_S10_f","Duck"
"337","female_6","M48",3.76454483230664,"M48_d2_S10_f_Deer","M48_d2_S10_f","Deer"
"338","female_6","M48",3.76454483230664,"M48_d2_S10_f_Fish","M48_d2_S10_f","Fish"
"339","female_6","M48",3.76454483230664,"M48_d2_S10_f_Deer","M48_d2_S10_f","Deer"
"340","female_6","M48",3.76454483230664,"M48_d2_S10_f_Duck","M48_d2_S10_f","Duck"
"341","female_6","M48",3.76454483230664,"M48_d2_S10_f_Fish","M48_d2_S10_f","Fish"
"342","female_6","M48",3.76454483230664,"M48_d2_S10_f_Duck","M48_d2_S10_f","Duck"
"343","female_6","M48",3.76454483230664,"M48_d2_S10_f_Deer","M48_d2_S10_f","Deer"
"344","female_6","M48",3.76454483230664,"M48_d2_S10_f_Fish","M48_d2_S10_f","Fish"
"345","female_6","M48",3.76454483230664,"M48_d2_S10_f_Duck","M48_d2_S10_f","Duck"
"346","female_6","M48",3.76454483230664,"M48_d2_S10_f_Duck","M48_d2_S10_f","Duck"
"347","female_6","M48",3.76454483230664,"M48_d2_S10_f_Fish","M48_d2_S10_f","Fish"
"348","female_6","M48",3.76454483230664,"M48_d2_S10_f_Deer","M48_d2_S10_f","Deer"
"349","female_6","M48",3.76454483230664,"M48_d2_S10_f_Duck","M48_d2_S10_f","Duck"
"350","female_6","M48",3.76454483230664,"M48_d2_S10_f_Deer","M48_d2_S10_f","Deer"
"351","female_6","M48",3.76454483230664,"M48_d2_S10_f_Duck","M48_d2_S10_f","Duck"
"352","female_6","M48",3.76454483230664,"M48_d2_S10_f_Fish","M48_d2_S10_f","Fish"
"353","female_6","M48",3.76454483230664,"M48_d2_S10_f_Deer","M48_d2_S10_f","Deer"
"354","female_6","M48",3.76454483230664,"M48_d2_S10_f_Fish","M48_d2_S10_f","Fish"
"355","female_6","M48",3.76454483230664,"M48_d2_S10_f_Deer","M48_d2_S10_f","Deer"
"356","female_6","M48",3.76454483230664,"M48_d2_S10_f_Fish","M48_d2_S10_f","Fish"
"357","female_6","M48",3.76454483230664,"M48_d2_S10_f_Deer","M48_d2_S10_f","Deer"
"358","female_6","M48",3.76454483230664,"M48_d2_S10_f_Duck","M48_d2_S10_f","Duck"
"359","female_6","M48",3.76454483230664,"M48_d2_S10_f_Fish","M48_d2_S10_f","Fish"
"360","female_6","M48",3.76454483230664,"M48_d2_S10_f_Duck","M48_d2_S10_f","Duck"
"361","male_1","M72",6.04517453798768,"M72_d2_S01_m_Duck","M72_d2_S01_m","Duck"
"362","male_1","M72",6.04517453798768,"M72_d2_S01_m_Fish","M72_d2_S01_m","Fish"
"363","male_1","M72",6.04517453798768,"M72_d2_S01_m_Duck","M72_d2_S01_m","Duck"
"364","male_1","M72",6.04517453798768,"M72_d2_S01_m_Deer","M72_d2_S01_m","Deer"
"365","male_1","M72",6.04517453798768,"M72_d2_S01_m_Deer","M72_d2_S01_m","Deer"
"366","male_1","M72",6.04517453798768,"M72_d2_S01_m_Fish","M72_d2_S01_m","Fish"
"367","male_1","M72",6.04517453798768,"M72_d2_S01_m_Duck","M72_d2_S01_m","Duck"
"368","male_1","M72",6.04517453798768,"M72_d2_S01_m_Deer","M72_d2_S01_m","Deer"
"369","male_1","M72",6.04517453798768,"M72_d2_S01_m_Fish","M72_d2_S01_m","Fish"
"370","male_1","M72",6.04517453798768,"M72_d2_S01_m_Fish","M72_d2_S01_m","Fish"
"371","male_1","M72",6.04517453798768,"M72_d2_S01_m_Deer","M72_d2_S01_m","Deer"
"372","male_1","M72",6.04517453798768,"M72_d2_S01_m_Duck","M72_d2_S01_m","Duck"
"373","male_1","M72",6.04517453798768,"M72_d2_S01_m_Fish","M72_d2_S01_m","Fish"
"374","male_1","M72",6.04517453798768,"M72_d2_S01_m_Deer","M72_d2_S01_m","Deer"
"375","male_1","M72",6.04517453798768,"M72_d2_S01_m_Duck","M72_d2_S01_m","Duck"
"376","male_1","M72",6.04517453798768,"M72_d2_S01_m_Deer","M72_d2_S01_m","Deer"
"377","male_1","M72",6.04517453798768,"M72_d2_S01_m_Fish","M72_d2_S01_m","Fish"
"378","male_1","M72",6.04517453798768,"M72_d2_S01_m_Duck","M72_d2_S01_m","Duck"
"379","male_1","M72",6.04517453798768,"M72_d2_S01_m_Deer","M72_d2_S01_m","Deer"
"380","male_1","M72",6.04517453798768,"M72_d2_S01_m_Fish","M72_d2_S01_m","Fish"
"381","male_1","M72",6.04517453798768,"M72_d2_S01_m_Deer","M72_d2_S01_m","Deer"
"382","male_1","M72",6.04517453798768,"M72_d2_S01_m_Duck","M72_d2_S01_m","Duck"
"383","male_1","M72",6.04517453798768,"M72_d2_S01_m_Duck","M72_d2_S01_m","Duck"
"384","male_1","M72",6.04517453798768,"M72_d2_S01_m_Fish","M72_d2_S01_m","Fish"
"385","male_1","M72",6.04517453798768,"M72_d2_S01_m_Deer","M72_d2_S01_m","Deer"
"386","male_1","M72",6.04517453798768,"M72_d2_S01_m_Duck","M72_d2_S01_m","Duck"
"387","male_1","M72",6.04517453798768,"M72_d2_S01_m_Fish","M72_d2_S01_m","Fish"
"388","male_1","M72",6.04517453798768,"M72_d2_S01_m_Duck","M72_d2_S01_m","Duck"
"389","male_1","M72",6.04517453798768,"M72_d2_S01_m_Deer","M72_d2_S01_m","Deer"
"390","male_1","M72",6.04517453798768,"M72_d2_S01_m_Fish","M72_d2_S01_m","Fish"
"391","male_2","M72",6.27789185489391,"M72_d2_S02_m_Fish","M72_d2_S02_m","Fish"
"392","male_2","M72",6.27789185489391,"M72_d2_S02_m_Duck","M72_d2_S02_m","Duck"
"393","male_2","M72",6.27789185489391,"M72_d2_S02_m_Duck","M72_d2_S02_m","Duck"
"394","male_2","M72",6.27789185489391,"M72_d2_S02_m_Deer","M72_d2_S02_m","Deer"
"395","male_2","M72",6.27789185489391,"M72_d2_S02_m_Fish","M72_d2_S02_m","Fish"
"396","male_2","M72",6.27789185489391,"M72_d2_S02_m_Deer","M72_d2_S02_m","Deer"
"397","male_2","M72",6.27789185489391,"M72_d2_S02_m_Fish","M72_d2_S02_m","Fish"
"398","male_2","M72",6.27789185489391,"M72_d2_S02_m_Duck","M72_d2_S02_m","Duck"
"399","male_2","M72",6.27789185489391,"M72_d2_S02_m_Deer","M72_d2_S02_m","Deer"
"400","male_2","M72",6.27789185489391,"M72_d2_S02_m_Duck","M72_d2_S02_m","Duck"
"401","male_2","M72",6.27789185489391,"M72_d2_S02_m_Deer","M72_d2_S02_m","Deer"
"402","male_2","M72",6.27789185489391,"M72_d2_S02_m_Fish","M72_d2_S02_m","Fish"
"403","male_2","M72",6.27789185489391,"M72_d2_S02_m_Duck","M72_d2_S02_m","Duck"
"404","male_2","M72",6.27789185489391,"M72_d2_S02_m_Fish","M72_d2_S02_m","Fish"
"405","male_2","M72",6.27789185489391,"M72_d2_S02_m_Deer","M72_d2_S02_m","Deer"
"406","male_2","M72",6.27789185489391,"M72_d2_S02_m_Duck","M72_d2_S02_m","Duck"
"407","male_2","M72",6.27789185489391,"M72_d2_S02_m_Deer","M72_d2_S02_m","Deer"
"408","male_2","M72",6.27789185489391,"M72_d2_S02_m_Fish","M72_d2_S02_m","Fish"
"409","male_2","M72",6.27789185489391,"M72_d2_S02_m_Duck","M72_d2_S02_m","Duck"
"410","male_2","M72",6.27789185489391,"M72_d2_S02_m_Deer","M72_d2_S02_m","Deer"
"411","male_2","M72",6.27789185489391,"M72_d2_S02_m_Deer","M72_d2_S02_m","Deer"
"412","male_2","M72",6.27789185489391,"M72_d2_S02_m_Fish","M72_d2_S02_m","Fish"
"413","male_2","M72",6.27789185489391,"M72_d2_S02_m_Fish","M72_d2_S02_m","Fish"
"414","male_2","M72",6.27789185489391,"M72_d2_S02_m_Duck","M72_d2_S02_m","Duck"
"415","male_2","M72",6.27789185489391,"M72_d2_S02_m_Fish","M72_d2_S02_m","Fish"
"416","male_2","M72",6.27789185489391,"M72_d2_S02_m_Duck","M72_d2_S02_m","Duck"
"417","male_2","M72",6.27789185489391,"M72_d2_S02_m_Deer","M72_d2_S02_m","Deer"
"418","male_2","M72",6.27789185489391,"M72_d2_S02_m_Duck","M72_d2_S02_m","Duck"
"419","male_2","M72",6.27789185489391,"M72_d2_S02_m_Deer","M72_d2_S02_m","Deer"
"420","male_2","M72",6.27789185489391,"M72_d2_S02_m_Fish","M72_d2_S02_m","Fish"
"421","male_3","M72",6.33264887063655,"M72_d2_S08_m_Deer","M72_d2_S08_m","Deer"
"422","male_3","M72",6.33264887063655,"M72_d2_S08_m_Duck","M72_d2_S08_m","Duck"
"423","male_3","M72",6.33264887063655,"M72_d2_S08_m_Duck","M72_d2_S08_m","Duck"
"424","male_3","M72",6.33264887063655,"M72_d2_S08_m_Fish","M72_d2_S08_m","Fish"
"425","male_3","M72",6.33264887063655,"M72_d2_S08_m_Deer","M72_d2_S08_m","Deer"
"426","male_3","M72",6.33264887063655,"M72_d2_S08_m_Fish","M72_d2_S08_m","Fish"
"427","male_3","M72",6.33264887063655,"M72_d2_S08_m_Deer","M72_d2_S08_m","Deer"
"428","male_3","M72",6.33264887063655,"M72_d2_S08_m_Duck","M72_d2_S08_m","Duck"
"429","male_3","M72",6.33264887063655,"M72_d2_S08_m_Duck","M72_d2_S08_m","Duck"
"430","male_3","M72",6.33264887063655,"M72_d2_S08_m_Fish","M72_d2_S08_m","Fish"
"431","male_3","M72",6.33264887063655,"M72_d2_S08_m_Deer","M72_d2_S08_m","Deer"
"432","male_3","M72",6.33264887063655,"M72_d2_S08_m_Fish","M72_d2_S08_m","Fish"
"433","male_3","M72",6.33264887063655,"M72_d2_S08_m_Duck","M72_d2_S08_m","Duck"
"434","male_3","M72",6.33264887063655,"M72_d2_S08_m_Deer","M72_d2_S08_m","Deer"
"435","male_3","M72",6.33264887063655,"M72_d2_S08_m_Fish","M72_d2_S08_m","Fish"
"436","male_3","M72",6.33264887063655,"M72_d2_S08_m_Deer","M72_d2_S08_m","Deer"
"437","male_3","M72",6.33264887063655,"M72_d2_S08_m_Fish","M72_d2_S08_m","Fish"
"438","male_3","M72",6.33264887063655,"M72_d2_S08_m_Duck","M72_d2_S08_m","Duck"
"439","male_3","M72",6.33264887063655,"M72_d2_S08_m_Duck","M72_d2_S08_m","Duck"
"440","male_3","M72",6.33264887063655,"M72_d2_S08_m_Fish","M72_d2_S08_m","Fish"
"441","male_3","M72",6.33264887063655,"M72_d2_S08_m_Deer","M72_d2_S08_m","Deer"
"442","male_3","M72",6.33264887063655,"M72_d2_S08_m_Duck","M72_d2_S08_m","Duck"
"443","male_3","M72",6.33264887063655,"M72_d2_S08_m_Fish","M72_d2_S08_m","Fish"
"444","male_3","M72",6.33264887063655,"M72_d2_S08_m_Deer","M72_d2_S08_m","Deer"
"445","male_3","M72",6.33264887063655,"M72_d2_S08_m_Fish","M72_d2_S08_m","Fish"
"446","male_3","M72",6.33264887063655,"M72_d2_S08_m_Deer","M72_d2_S08_m","Deer"
"447","male_3","M72",6.33264887063655,"M72_d2_S08_m_Duck","M72_d2_S08_m","Duck"
"448","male_3","M72",6.33264887063655,"M72_d2_S08_m_Fish","M72_d2_S08_m","Fish"
"449","male_3","M72",6.33264887063655,"M72_d2_S08_m_Duck","M72_d2_S08_m","Duck"
"450","male_3","M72",6.33264887063655,"M72_d2_S08_m_Deer","M72_d2_S08_m","Deer"
"451","male_4","M72",6.25051334702259,"M72_d2_S04_m_Deer","M72_d2_S04_m","Deer"
"452","male_4","M72",6.25051334702259,"M72_d2_S04_m_Fish","M72_d2_S04_m","Fish"
"453","male_4","M72",6.25051334702259,"M72_d2_S04_m_Deer","M72_d2_S04_m","Deer"
"454","male_4","M72",6.25051334702259,"M72_d2_S04_m_Duck","M72_d2_S04_m","Duck"
"455","male_4","M72",6.25051334702259,"M72_d2_S04_m_Duck","M72_d2_S04_m","Duck"
"456","male_4","M72",6.25051334702259,"M72_d2_S04_m_Fish","M72_d2_S04_m","Fish"
"457","male_4","M72",6.25051334702259,"M72_d2_S04_m_Deer","M72_d2_S04_m","Deer"
"458","male_4","M72",6.25051334702259,"M72_d2_S04_m_Fish","M72_d2_S04_m","Fish"
"459","male_4","M72",6.25051334702259,"M72_d2_S04_m_Deer","M72_d2_S04_m","Deer"
"460","male_4","M72",6.25051334702259,"M72_d2_S04_m_Duck","M72_d2_S04_m","Duck"
"461","male_4","M72",6.25051334702259,"M72_d2_S04_m_Duck","M72_d2_S04_m","Duck"
"462","male_4","M72",6.25051334702259,"M72_d2_S04_m_Fish","M72_d2_S04_m","Fish"
"463","male_4","M72",6.25051334702259,"M72_d2_S04_m_Duck","M72_d2_S04_m","Duck"
"464","male_4","M72",6.25051334702259,"M72_d2_S04_m_Fish","M72_d2_S04_m","Fish"
"465","male_4","M72",6.25051334702259,"M72_d2_S04_m_Duck","M72_d2_S04_m","Duck"
"466","male_4","M72",6.25051334702259,"M72_d2_S04_m_Deer","M72_d2_S04_m","Deer"
"467","male_4","M72",6.25051334702259,"M72_d2_S04_m_Deer","M72_d2_S04_m","Deer"
"468","male_4","M72",6.25051334702259,"M72_d2_S04_m_Fish","M72_d2_S04_m","Fish"
"469","male_4","M72",6.25051334702259,"M72_d2_S04_m_Duck","M72_d2_S04_m","Duck"
"470","male_4","M72",6.25051334702259,"M72_d2_S04_m_Deer","M72_d2_S04_m","Deer"
"471","male_4","M72",6.25051334702259,"M72_d2_S04_m_Fish","M72_d2_S04_m","Fish"
"472","male_4","M72",6.25051334702259,"M72_d2_S04_m_Deer","M72_d2_S04_m","Deer"
"473","male_4","M72",6.25051334702259,"M72_d2_S04_m_Fish","M72_d2_S04_m","Fish"
"474","male_4","M72",6.25051334702259,"M72_d2_S04_m_Duck","M72_d2_S04_m","Duck"
"475","male_4","M72",6.25051334702259,"M72_d2_S04_m_Deer","M72_d2_S04_m","Deer"
"476","male_4","M72",6.25051334702259,"M72_d2_S04_m_Fish","M72_d2_S04_m","Fish"
"477","male_4","M72",6.25051334702259,"M72_d2_S04_m_Deer","M72_d2_S04_m","Deer"
"478","male_4","M72",6.25051334702259,"M72_d2_S04_m_Duck","M72_d2_S04_m","Duck"
"479","male_4","M72",6.25051334702259,"M72_d2_S04_m_Duck","M72_d2_S04_m","Duck"
"480","male_4","M72",6.25051334702259,"M72_d2_S04_m_Fish","M72_d2_S04_m","Fish"
"481","male_5","M72",6.26420260095825,"M72_d2_S09_m_Duck","M72_d2_S09_m","Duck"
"482","male_5","M72",6.26420260095825,"M72_d2_S09_m_Deer","M72_d2_S09_m","Deer"
"483","male_5","M72",6.26420260095825,"M72_d2_S09_m_Fish","M72_d2_S09_m","Fish"
"484","male_5","M72",6.26420260095825,"M72_d2_S09_m_Fish","M72_d2_S09_m","Fish"
"485","male_5","M72",6.26420260095825,"M72_d2_S09_m_Deer","M72_d2_S09_m","Deer"
"486","male_5","M72",6.26420260095825,"M72_d2_S09_m_Duck","M72_d2_S09_m","Duck"
"487","male_5","M72",6.26420260095825,"M72_d2_S09_m_Fish","M72_d2_S09_m","Fish"
"488","male_5","M72",6.26420260095825,"M72_d2_S09_m_Duck","M72_d2_S09_m","Duck"
"489","male_5","M72",6.26420260095825,"M72_d2_S09_m_Deer","M72_d2_S09_m","Deer"
"490","male_5","M72",6.26420260095825,"M72_d2_S09_m_Duck","M72_d2_S09_m","Duck"
"491","male_5","M72",6.26420260095825,"M72_d2_S09_m_Deer","M72_d2_S09_m","Deer"
"492","male_5","M72",6.26420260095825,"M72_d2_S09_m_Fish","M72_d2_S09_m","Fish"
"493","male_5","M72",6.26420260095825,"M72_d2_S09_m_Duck","M72_d2_S09_m","Duck"
"494","male_5","M72",6.26420260095825,"M72_d2_S09_m_Fish","M72_d2_S09_m","Fish"
"495","male_5","M72",6.26420260095825,"M72_d2_S09_m_Deer","M72_d2_S09_m","Deer"
"496","male_5","M72",6.26420260095825,"M72_d2_S09_m_Fish","M72_d2_S09_m","Fish"
"497","male_5","M72",6.26420260095825,"M72_d2_S09_m_Duck","M72_d2_S09_m","Duck"
"498","male_5","M72",6.26420260095825,"M72_d2_S09_m_Deer","M72_d2_S09_m","Deer"
"499","male_5","M72",6.26420260095825,"M72_d2_S09_m_Duck","M72_d2_S09_m","Duck"
"500","male_5","M72",6.26420260095825,"M72_d2_S09_m_Fish","M72_d2_S09_m","Fish"
"501","male_5","M72",6.26420260095825,"M72_d2_S09_m_Deer","M72_d2_S09_m","Deer"
"502","male_5","M72",6.26420260095825,"M72_d2_S09_m_Duck","M72_d2_S09_m","Duck"
"503","male_5","M72",6.26420260095825,"M72_d2_S09_m_Deer","M72_d2_S09_m","Deer"
"504","male_5","M72",6.26420260095825,"M72_d2_S09_m_Fish","M72_d2_S09_m","Fish"
"505","male_5","M72",6.26420260095825,"M72_d2_S09_m_Duck","M72_d2_S09_m","Duck"
"506","male_5","M72",6.26420260095825,"M72_d2_S09_m_Deer","M72_d2_S09_m","Deer"
"507","male_5","M72",6.26420260095825,"M72_d2_S09_m_Deer","M72_d2_S09_m","Deer"
"508","male_5","M72",6.26420260095825,"M72_d2_S09_m_Fish","M72_d2_S09_m","Fish"
"509","male_5","M72",6.26420260095825,"M72_d2_S09_m_Fish","M72_d2_S09_m","Fish"
"510","male_5","M72",6.26420260095825,"M72_d2_S09_m_Duck","M72_d2_S09_m","Duck"
"511","male_6","M72",6.07529089664613,"M72_d2_S12_m_Deer","M72_d2_S12_m","Deer"
"512","male_6","M72",6.07529089664613,"M72_d2_S12_m_Fish","M72_d2_S12_m","Fish"
"513","male_6","M72",6.07529089664613,"M72_d2_S12_m_Duck","M72_d2_S12_m","Duck"
"514","male_6","M72",6.07529089664613,"M72_d2_S12_m_Duck","M72_d2_S12_m","Duck"
"515","male_6","M72",6.07529089664613,"M72_d2_S12_m_Fish","M72_d2_S12_m","Fish"
"516","male_6","M72",6.07529089664613,"M72_d2_S12_m_Deer","M72_d2_S12_m","Deer"
"517","male_6","M72",6.07529089664613,"M72_d2_S12_m_Duck","M72_d2_S12_m","Duck"
"518","male_6","M72",6.07529089664613,"M72_d2_S12_m_Fish","M72_d2_S12_m","Fish"
"519","male_6","M72",6.07529089664613,"M72_d2_S12_m_Deer","M72_d2_S12_m","Deer"
"520","male_6","M72",6.07529089664613,"M72_d2_S12_m_Duck","M72_d2_S12_m","Duck"
"521","male_6","M72",6.07529089664613,"M72_d2_S12_m_Fish","M72_d2_S12_m","Fish"
"522","male_6","M72",6.07529089664613,"M72_d2_S12_m_Deer","M72_d2_S12_m","Deer"
"523","male_6","M72",6.07529089664613,"M72_d2_S12_m_Duck","M72_d2_S12_m","Duck"
"524","male_6","M72",6.07529089664613,"M72_d2_S12_m_Fish","M72_d2_S12_m","Fish"
"525","male_6","M72",6.07529089664613,"M72_d2_S12_m_Deer","M72_d2_S12_m","Deer"
"526","male_6","M72",6.07529089664613,"M72_d2_S12_m_Fish","M72_d2_S12_m","Fish"
"527","male_6","M72",6.07529089664613,"M72_d2_S12_m_Duck","M72_d2_S12_m","Duck"
"528","male_6","M72",6.07529089664613,"M72_d2_S12_m_Deer","M72_d2_S12_m","Deer"
"529","male_6","M72",6.07529089664613,"M72_d2_S12_m_Fish","M72_d2_S12_m","Fish"
"530","male_6","M72",6.07529089664613,"M72_d2_S12_m_Deer","M72_d2_S12_m","Deer"
"531","male_6","M72",6.07529089664613,"M72_d2_S12_m_Fish","M72_d2_S12_m","Fish"
"532","male_6","M72",6.07529089664613,"M72_d2_S12_m_Duck","M72_d2_S12_m","Duck"
"533","male_6","M72",6.07529089664613,"M72_d2_S12_m_Duck","M72_d2_S12_m","Duck"
"534","male_6","M72",6.07529089664613,"M72_d2_S12_m_Deer","M72_d2_S12_m","Deer"
"535","male_6","M72",6.07529089664613,"M72_d2_S12_m_Deer","M72_d2_S12_m","Deer"
"536","male_6","M72",6.07529089664613,"M72_d2_S12_m_Fish","M72_d2_S12_m","Fish"
"537","male_6","M72",6.07529089664613,"M72_d2_S12_m_Duck","M72_d2_S12_m","Duck"
"538","male_6","M72",6.07529089664613,"M72_d2_S12_m_Duck","M72_d2_S12_m","Duck"
"539","male_6","M72",6.07529089664613,"M72_d2_S12_m_Fish","M72_d2_S12_m","Fish"
"540","male_6","M72",6.07529089664613,"M72_d2_S12_m_Deer","M72_d2_S12_m","Deer"
"541","female_1","M72",6.44216290212183,"M72_d2_S03_f_Fish","M72_d2_S03_f","Fish"
"542","female_1","M72",6.44216290212183,"M72_d2_S03_f_Deer","M72_d2_S03_f","Deer"
"543","female_1","M72",6.44216290212183,"M72_d2_S03_f_Duck","M72_d2_S03_f","Duck"
"544","female_1","M72",6.44216290212183,"M72_d2_S03_f_Deer","M72_d2_S03_f","Deer"
"545","female_1","M72",6.44216290212183,"M72_d2_S03_f_Fish","M72_d2_S03_f","Fish"
"546","female_1","M72",6.44216290212183,"M72_d2_S03_f_Duck","M72_d2_S03_f","Duck"
"547","female_1","M72",6.44216290212183,"M72_d2_S03_f_Fish","M72_d2_S03_f","Fish"
"548","female_1","M72",6.44216290212183,"M72_d2_S03_f_Deer","M72_d2_S03_f","Deer"
"549","female_1","M72",6.44216290212183,"M72_d2_S03_f_Duck","M72_d2_S03_f","Duck"
"550","female_1","M72",6.44216290212183,"M72_d2_S03_f_Deer","M72_d2_S03_f","Deer"
"551","female_1","M72",6.44216290212183,"M72_d2_S03_f_Fish","M72_d2_S03_f","Fish"
"552","female_1","M72",6.44216290212183,"M72_d2_S03_f_Duck","M72_d2_S03_f","Duck"
"553","female_1","M72",6.44216290212183,"M72_d2_S03_f_Deer","M72_d2_S03_f","Deer"
"554","female_1","M72",6.44216290212183,"M72_d2_S03_f_Deer","M72_d2_S03_f","Deer"
"555","female_1","M72",6.44216290212183,"M72_d2_S03_f_Fish","M72_d2_S03_f","Fish"
"556","female_1","M72",6.44216290212183,"M72_d2_S03_f_Duck","M72_d2_S03_f","Duck"
"557","female_1","M72",6.44216290212183,"M72_d2_S03_f_Fish","M72_d2_S03_f","Fish"
"558","female_1","M72",6.44216290212183,"M72_d2_S03_f_Duck","M72_d2_S03_f","Duck"
"559","female_1","M72",6.44216290212183,"M72_d2_S03_f_Duck","M72_d2_S03_f","Duck"
"560","female_1","M72",6.44216290212183,"M72_d2_S03_f_Fish","M72_d2_S03_f","Fish"
"561","female_1","M72",6.44216290212183,"M72_d2_S03_f_Duck","M72_d2_S03_f","Duck"
"562","female_1","M72",6.44216290212183,"M72_d2_S03_f_Deer","M72_d2_S03_f","Deer"
"563","female_1","M72",6.44216290212183,"M72_d2_S03_f_Deer","M72_d2_S03_f","Deer"
"564","female_1","M72",6.44216290212183,"M72_d2_S03_f_Fish","M72_d2_S03_f","Fish"
"565","female_1","M72",6.44216290212183,"M72_d2_S03_f_Duck","M72_d2_S03_f","Duck"
"566","female_1","M72",6.44216290212183,"M72_d2_S03_f_Fish","M72_d2_S03_f","Fish"
"567","female_1","M72",6.44216290212183,"M72_d2_S03_f_Deer","M72_d2_S03_f","Deer"
"568","female_1","M72",6.44216290212183,"M72_d2_S03_f_Duck","M72_d2_S03_f","Duck"
"569","female_1","M72",6.44216290212183,"M72_d2_S03_f_Deer","M72_d2_S03_f","Deer"
"570","female_1","M72",6.44216290212183,"M72_d2_S03_f_Fish","M72_d2_S03_f","Fish"
"571","female_2","M72",6.29979466119097,"M72_d2_S05_f_Duck","M72_d2_S05_f","Duck"
"572","female_2","M72",6.29979466119097,"M72_d2_S05_f_Fish","M72_d2_S05_f","Fish"
"573","female_2","M72",6.29979466119097,"M72_d2_S05_f_Deer","M72_d2_S05_f","Deer"
"574","female_2","M72",6.29979466119097,"M72_d2_S05_f_Duck","M72_d2_S05_f","Duck"
"575","female_2","M72",6.29979466119097,"M72_d2_S05_f_Deer","M72_d2_S05_f","Deer"
"576","female_2","M72",6.29979466119097,"M72_d2_S05_f_Fish","M72_d2_S05_f","Fish"
"577","female_2","M72",6.29979466119097,"M72_d2_S05_f_Duck","M72_d2_S05_f","Duck"
"578","female_2","M72",6.29979466119097,"M72_d2_S05_f_Fish","M72_d2_S05_f","Fish"
"579","female_2","M72",6.29979466119097,"M72_d2_S05_f_Deer","M72_d2_S05_f","Deer"
"580","female_2","M72",6.29979466119097,"M72_d2_S05_f_Duck","M72_d2_S05_f","Duck"
"581","female_2","M72",6.29979466119097,"M72_d2_S05_f_Deer","M72_d2_S05_f","Deer"
"582","female_2","M72",6.29979466119097,"M72_d2_S05_f_Fish","M72_d2_S05_f","Fish"
"583","female_2","M72",6.29979466119097,"M72_d2_S05_f_Duck","M72_d2_S05_f","Duck"
"584","female_2","M72",6.29979466119097,"M72_d2_S05_f_Fish","M72_d2_S05_f","Fish"
"585","female_2","M72",6.29979466119097,"M72_d2_S05_f_Deer","M72_d2_S05_f","Deer"
"586","female_2","M72",6.29979466119097,"M72_d2_S05_f_Duck","M72_d2_S05_f","Duck"
"587","female_2","M72",6.29979466119097,"M72_d2_S05_f_Deer","M72_d2_S05_f","Deer"
"588","female_2","M72",6.29979466119097,"M72_d2_S05_f_Fish","M72_d2_S05_f","Fish"
"589","female_2","M72",6.29979466119097,"M72_d2_S05_f_Duck","M72_d2_S05_f","Duck"
"590","female_2","M72",6.29979466119097,"M72_d2_S05_f_Fish","M72_d2_S05_f","Fish"
"591","female_2","M72",6.29979466119097,"M72_d2_S05_f_Deer","M72_d2_S05_f","Deer"
"592","female_2","M72",6.29979466119097,"M72_d2_S05_f_Fish","M72_d2_S05_f","Fish"
"593","female_2","M72",6.29979466119097,"M72_d2_S05_f_Duck","M72_d2_S05_f","Duck"
"594","female_2","M72",6.29979466119097,"M72_d2_S05_f_Deer","M72_d2_S05_f","Deer"
"595","female_2","M72",6.29979466119097,"M72_d2_S05_f_Fish","M72_d2_S05_f","Fish"
"596","female_2","M72",6.29979466119097,"M72_d2_S05_f_Deer","M72_d2_S05_f","Deer"
"597","female_2","M72",6.29979466119097,"M72_d2_S05_f_Duck","M72_d2_S05_f","Duck"
"598","female_2","M72",6.29979466119097,"M72_d2_S05_f_Deer","M72_d2_S05_f","Deer"
"599","female_2","M72",6.29979466119097,"M72_d2_S05_f_Fish","M72_d2_S05_f","Fish"
"600","female_2","M72",6.29979466119097,"M72_d2_S05_f_Duck","M72_d2_S05_f","Duck"
"601","female_3","M72",6.16016427104723,"M72_d2_S06_f_Fish","M72_d2_S06_f","Fish"
"602","female_3","M72",6.16016427104723,"M72_d2_S06_f_Deer","M72_d2_S06_f","Deer"
"603","female_3","M72",6.16016427104723,"M72_d2_S06_f_Fish","M72_d2_S06_f","Fish"
"604","female_3","M72",6.16016427104723,"M72_d2_S06_f_Duck","M72_d2_S06_f","Duck"
"605","female_3","M72",6.16016427104723,"M72_d2_S06_f_Duck","M72_d2_S06_f","Duck"
"606","female_3","M72",6.16016427104723,"M72_d2_S06_f_Deer","M72_d2_S06_f","Deer"
"607","female_3","M72",6.16016427104723,"M72_d2_S06_f_Fish","M72_d2_S06_f","Fish"
"608","female_3","M72",6.16016427104723,"M72_d2_S06_f_Deer","M72_d2_S06_f","Deer"
"609","female_3","M72",6.16016427104723,"M72_d2_S06_f_Duck","M72_d2_S06_f","Duck"
"610","female_3","M72",6.16016427104723,"M72_d2_S06_f_Fish","M72_d2_S06_f","Fish"
"611","female_3","M72",6.16016427104723,"M72_d2_S06_f_Duck","M72_d2_S06_f","Duck"
"612","female_3","M72",6.16016427104723,"M72_d2_S06_f_Deer","M72_d2_S06_f","Deer"
"613","female_3","M72",6.16016427104723,"M72_d2_S06_f_Duck","M72_d2_S06_f","Duck"
"614","female_3","M72",6.16016427104723,"M72_d2_S06_f_Deer","M72_d2_S06_f","Deer"
"615","female_3","M72",6.16016427104723,"M72_d2_S06_f_Duck","M72_d2_S06_f","Duck"
"616","female_3","M72",6.16016427104723,"M72_d2_S06_f_Fish","M72_d2_S06_f","Fish"
"617","female_3","M72",6.16016427104723,"M72_d2_S06_f_Deer","M72_d2_S06_f","Deer"
"618","female_3","M72",6.16016427104723,"M72_d2_S06_f_Fish","M72_d2_S06_f","Fish"
"619","female_3","M72",6.16016427104723,"M72_d2_S06_f_Deer","M72_d2_S06_f","Deer"
"620","female_3","M72",6.16016427104723,"M72_d2_S06_f_Fish","M72_d2_S06_f","Fish"
"621","female_3","M72",6.16016427104723,"M72_d2_S06_f_Deer","M72_d2_S06_f","Deer"
"622","female_3","M72",6.16016427104723,"M72_d2_S06_f_Duck","M72_d2_S06_f","Duck"
"623","female_3","M72",6.16016427104723,"M72_d2_S06_f_Fish","M72_d2_S06_f","Fish"
"624","female_3","M72",6.16016427104723,"M72_d2_S06_f_Duck","M72_d2_S06_f","Duck"
"625","female_3","M72",6.16016427104723,"M72_d2_S06_f_Fish","M72_d2_S06_f","Fish"
"626","female_3","M72",6.16016427104723,"M72_d2_S06_f_Deer","M72_d2_S06_f","Deer"
"627","female_3","M72",6.16016427104723,"M72_d2_S06_f_Fish","M72_d2_S06_f","Fish"
"628","female_3","M72",6.16016427104723,"M72_d2_S06_f_Duck","M72_d2_S06_f","Duck"
"629","female_3","M72",6.16016427104723,"M72_d2_S06_f_Duck","M72_d2_S06_f","Duck"
"630","female_3","M72",6.16016427104723,"M72_d2_S06_f_Deer","M72_d2_S06_f","Deer"
"631","female_4","M72",6.11088295687885,"M72_d2_S07_f_Duck","M72_d2_S07_f","Duck"
"632","female_4","M72",6.11088295687885,"M72_d2_S07_f_Fish","M72_d2_S07_f","Fish"
"633","female_4","M72",6.11088295687885,"M72_d2_S07_f_Duck","M72_d2_S07_f","Duck"
"634","female_4","M72",6.11088295687885,"M72_d2_S07_f_Deer","M72_d2_S07_f","Deer"
"635","female_4","M72",6.11088295687885,"M72_d2_S07_f_Deer","M72_d2_S07_f","Deer"
"636","female_4","M72",6.11088295687885,"M72_d2_S07_f_Fish","M72_d2_S07_f","Fish"
"637","female_4","M72",6.11088295687885,"M72_d2_S07_f_Duck","M72_d2_S07_f","Duck"
"638","female_4","M72",6.11088295687885,"M72_d2_S07_f_Fish","M72_d2_S07_f","Fish"
"639","female_4","M72",6.11088295687885,"M72_d2_S07_f_Duck","M72_d2_S07_f","Duck"
"640","female_4","M72",6.11088295687885,"M72_d2_S07_f_Deer","M72_d2_S07_f","Deer"
"641","female_4","M72",6.11088295687885,"M72_d2_S07_f_Deer","M72_d2_S07_f","Deer"
"642","female_4","M72",6.11088295687885,"M72_d2_S07_f_Fish","M72_d2_S07_f","Fish"
"643","female_4","M72",6.11088295687885,"M72_d2_S07_f_Deer","M72_d2_S07_f","Deer"
"644","female_4","M72",6.11088295687885,"M72_d2_S07_f_Fish","M72_d2_S07_f","Fish"
"645","female_4","M72",6.11088295687885,"M72_d2_S07_f_Deer","M72_d2_S07_f","Deer"
"646","female_4","M72",6.11088295687885,"M72_d2_S07_f_Duck","M72_d2_S07_f","Duck"
"647","female_4","M72",6.11088295687885,"M72_d2_S07_f_Duck","M72_d2_S07_f","Duck"
"648","female_4","M72",6.11088295687885,"M72_d2_S07_f_Fish","M72_d2_S07_f","Fish"
"649","female_4","M72",6.11088295687885,"M72_d2_S07_f_Duck","M72_d2_S07_f","Duck"
"650","female_4","M72",6.11088295687885,"M72_d2_S07_f_Fish","M72_d2_S07_f","Fish"
"651","female_4","M72",6.11088295687885,"M72_d2_S07_f_Deer","M72_d2_S07_f","Deer"
"652","female_4","M72",6.11088295687885,"M72_d2_S07_f_Fish","M72_d2_S07_f","Fish"
"653","female_4","M72",6.11088295687885,"M72_d2_S07_f_Duck","M72_d2_S07_f","Duck"
"654","female_4","M72",6.11088295687885,"M72_d2_S07_f_Deer","M72_d2_S07_f","Deer"
"655","female_4","M72",6.11088295687885,"M72_d2_S07_f_Duck","M72_d2_S07_f","Duck"
"656","female_4","M72",6.11088295687885,"M72_d2_S07_f_Fish","M72_d2_S07_f","Fish"
"657","female_4","M72",6.11088295687885,"M72_d2_S07_f_Duck","M72_d2_S07_f","Duck"
"658","female_4","M72",6.11088295687885,"M72_d2_S07_f_Deer","M72_d2_S07_f","Deer"
"659","female_4","M72",6.11088295687885,"M72_d2_S07_f_Deer","M72_d2_S07_f","Deer"
"660","female_4","M72",6.11088295687885,"M72_d2_S07_f_Fish","M72_d2_S07_f","Fish"
"661","female_5","M72",6.20670773442847,"M72_d2_S10_f_Duck","M72_d2_S10_f","Duck"
"662","female_5","M72",6.20670773442847,"M72_d2_S10_f_Fish","M72_d2_S10_f","Fish"
"663","female_5","M72",6.20670773442847,"M72_d2_S10_f_Deer","M72_d2_S10_f","Deer"
"664","female_5","M72",6.20670773442847,"M72_d2_S10_f_Fish","M72_d2_S10_f","Fish"
"665","female_5","M72",6.20670773442847,"M72_d2_S10_f_Duck","M72_d2_S10_f","Duck"
"666","female_5","M72",6.20670773442847,"M72_d2_S10_f_Deer","M72_d2_S10_f","Deer"
"667","female_5","M72",6.20670773442847,"M72_d2_S10_f_Duck","M72_d2_S10_f","Duck"
"668","female_5","M72",6.20670773442847,"M72_d2_S10_f_Fish","M72_d2_S10_f","Fish"
"669","female_5","M72",6.20670773442847,"M72_d2_S10_f_Deer","M72_d2_S10_f","Deer"
"670","female_5","M72",6.20670773442847,"M72_d2_S10_f_Fish","M72_d2_S10_f","Fish"
"671","female_5","M72",6.20670773442847,"M72_d2_S10_f_Duck","M72_d2_S10_f","Duck"
"672","female_5","M72",6.20670773442847,"M72_d2_S10_f_Deer","M72_d2_S10_f","Deer"
"673","female_5","M72",6.20670773442847,"M72_d2_S10_f_Duck","M72_d2_S10_f","Duck"
"674","female_5","M72",6.20670773442847,"M72_d2_S10_f_Deer","M72_d2_S10_f","Deer"
"675","female_5","M72",6.20670773442847,"M72_d2_S10_f_Deer","M72_d2_S10_f","Deer"
"676","female_5","M72",6.20670773442847,"M72_d2_S10_f_Fish","M72_d2_S10_f","Fish"
"677","female_5","M72",6.20670773442847,"M72_d2_S10_f_Fish","M72_d2_S10_f","Fish"
"678","female_5","M72",6.20670773442847,"M72_d2_S10_f_Duck","M72_d2_S10_f","Duck"
"679","female_5","M72",6.20670773442847,"M72_d2_S10_f_Fish","M72_d2_S10_f","Fish"
"680","female_5","M72",6.20670773442847,"M72_d2_S10_f_Duck","M72_d2_S10_f","Duck"
"681","female_5","M72",6.20670773442847,"M72_d2_S10_f_Deer","M72_d2_S10_f","Deer"
"682","female_5","M72",6.20670773442847,"M72_d2_S10_f_Duck","M72_d2_S10_f","Duck"
"683","female_5","M72",6.20670773442847,"M72_d2_S10_f_Deer","M72_d2_S10_f","Deer"
"684","female_5","M72",6.20670773442847,"M72_d2_S10_f_Fish","M72_d2_S10_f","Fish"
"685","female_5","M72",6.20670773442847,"M72_d2_S10_f_Duck","M72_d2_S10_f","Duck"
"686","female_5","M72",6.20670773442847,"M72_d2_S10_f_Fish","M72_d2_S10_f","Fish"
"687","female_5","M72",6.20670773442847,"M72_d2_S10_f_Deer","M72_d2_S10_f","Deer"
"688","female_5","M72",6.20670773442847,"M72_d2_S10_f_Fish","M72_d2_S10_f","Fish"
"689","female_5","M72",6.20670773442847,"M72_d2_S10_f_Duck","M72_d2_S10_f","Duck"
"690","female_5","M72",6.20670773442847,"M72_d2_S10_f_Deer","M72_d2_S10_f","Deer"
"691","female_6","M72",6.43121149897331,"M72_d2_S11_f_Deer","M72_d2_S11_f","Deer"
"692","female_6","M72",6.43121149897331,"M72_d2_S11_f_Fish","M72_d2_S11_f","Fish"
"693","female_6","M72",6.43121149897331,"M72_d2_S11_f_Deer","M72_d2_S11_f","Deer"
"694","female_6","M72",6.43121149897331,"M72_d2_S11_f_Duck","M72_d2_S11_f","Duck"
"695","female_6","M72",6.43121149897331,"M72_d2_S11_f_Fish","M72_d2_S11_f","Fish"
"696","female_6","M72",6.43121149897331,"M72_d2_S11_f_Duck","M72_d2_S11_f","Duck"
"697","female_6","M72",6.43121149897331,"M72_d2_S11_f_Deer","M72_d2_S11_f","Deer"
"698","female_6","M72",6.43121149897331,"M72_d2_S11_f_Fish","M72_d2_S11_f","Fish"
"699","female_6","M72",6.43121149897331,"M72_d2_S11_f_Deer","M72_d2_S11_f","Deer"
"700","female_6","M72",6.43121149897331,"M72_d2_S11_f_Duck","M72_d2_S11_f","Duck"
"701","female_6","M72",6.43121149897331,"M72_d2_S11_f_Fish","M72_d2_S11_f","Fish"
"702","female_6","M72",6.43121149897331,"M72_d2_S11_f_Duck","M72_d2_S11_f","Duck"
"703","female_6","M72",6.43121149897331,"M72_d2_S11_f_Deer","M72_d2_S11_f","Deer"
"704","female_6","M72",6.43121149897331,"M72_d2_S11_f_Fish","M72_d2_S11_f","Fish"
"705","female_6","M72",6.43121149897331,"M72_d2_S11_f_Duck","M72_d2_S11_f","Duck"
"706","female_6","M72",6.43121149897331,"M72_d2_S11_f_Duck","M72_d2_S11_f","Duck"
"707","female_6","M72",6.43121149897331,"M72_d2_S11_f_Fish","M72_d2_S11_f","Fish"
"708","female_6","M72",6.43121149897331,"M72_d2_S11_f_Deer","M72_d2_S11_f","Deer"
"709","female_6","M72",6.43121149897331,"M72_d2_S11_f_Duck","M72_d2_S11_f","Duck"
"710","female_6","M72",6.43121149897331,"M72_d2_S11_f_Deer","M72_d2_S11_f","Deer"
"711","female_6","M72",6.43121149897331,"M72_d2_S11_f_Duck","M72_d2_S11_f","Duck"
"712","female_6","M72",6.43121149897331,"M72_d2_S11_f_Fish","M72_d2_S11_f","Fish"
"713","female_6","M72",6.43121149897331,"M72_d2_S11_f_Deer","M72_d2_S11_f","Deer"
"714","female_6","M72",6.43121149897331,"M72_d2_S11_f_Fish","M72_d2_S11_f","Fish"
"715","female_6","M72",6.43121149897331,"M72_d2_S11_f_Deer","M72_d2_S11_f","Deer"
"716","female_6","M72",6.43121149897331,"M72_d2_S11_f_Fish","M72_d2_S11_f","Fish"
"717","female_6","M72",6.43121149897331,"M72_d2_S11_f_Deer","M72_d2_S11_f","Deer"
"718","female_6","M72",6.43121149897331,"M72_d2_S11_f_Duck","M72_d2_S11_f","Duck"
"719","female_6","M72",6.43121149897331,"M72_d2_S11_f_Fish","M72_d2_S11_f","Fish"
"720","female_6","M72",6.43121149897331,"M72_d2_S11_f_Duck","M72_d2_S11_f","Duck"
"721","","",NA,"_d2___","_d2__",""
