"","age","rater","video","stimulus","sex","trial","corr"
"1","M48",1,"M48_S08_f_FA","Bike","f",1,1
"2","M48",1,"M48_S13_f_FA","Bike","f",2,1
"3","M48",1,"M48_S07_f_FA","Bike","f",3,1
"4","M48",1,"M48_S02_f_FA","Bike","f",4,1
"5","M48",1,"M48_S10_f_FA","Bike","f",5,0
"6","M72",1,"M72_S05_f_FA","Bike","f",1,1
"7","M72",1,"M72_S06_f_FA","Bike","f",2,1
"8","M72",1,"M72_S10_f_FA","Bike","f",3,1
"9","M72",1,"M72_S03_f_FA","Bike","f",4,1
"10","M72",1,"M72_S11_f_FA","Bike","f",5,0
"11","M72",1,"M72_S07_f_FA","Bike","f",6,0
"12","M72",1,"M72_S02_m_FA","Bike","m",1,1
"13","M72",1,"M72_S08_m_FA","Bike","m",2,1
"14","M72",1,"M72_S04_m_FA","Bike","m",3,1
"15","M72",1,"M72_S12_m_FA","Bike","m",4,1
"16","M72",1,"M72_S09_m_FA","Bike","m",5,1
"17","M48",1,"M48_S01_m_FA","Bike","m",1,1
"18","M48",1,"M48_S15_m_FA","Bike","m",2,1
"19","M48",1,"M48_S06_m_FA","Bike","m",3,1
"20","M48",1,"M48_S05_m_FA","Bike","m",4,0
"21","M72",1,"M72_S12_m_HA","Hammer","m",1,0
"22","M72",1,"M72_S04_m_HA","Hammer","m",2,1
"23","M72",1,"M72_S02_m_HA","Hammer","m",3,1
"24","M72",1,"M72_S08_m_HA","Hammer","m",4,1
"25","M72",1,"M72_S09_m_HA","Hammer","m",5,0
"26","M48",1,"M48_S01_m_HA","Hammer","m",1,0
"27","M48",1,"M48_S05_m_HA","Hammer","m",2,1
"28","M48",1,"M48_S04_m_HA","Hammer","m",3,0
"29","M48",1,"M48_S15_m_HA","Hammer","m",4,0
"30","M48",1,"M48_S06_m_HA","Hammer","m",5,1
"31","M72",1,"M72_S11_f_HA","Hammer","f",1,1
"32","M72",1,"M72_S05_f_HA","Hammer","f",2,0
"33","M72",1,"M72_S03_f_HA","Hammer","f",3,1
"34","M72",1,"M72_S10_f_HA","Hammer","f",4,1
"35","M72",1,"M72_S07_f_HA","Hammer","f",5,1
"36","M72",1,"M72_S06_f_HA","Hammer","f",6,0
"37","M48",1,"M48_S13_f_HA","Hammer","f",1,1
"38","M48",1,"M48_S10_f_HA","Hammer","f",2,1
"39","M48",1,"M48_S02_f_HA","Hammer","f",3,1
"40","M48",1,"M48_S08_f_HA","Hammer","f",4,0
"41","M48",1,"M48_S07_f_HA","Hammer","f",5,0
"42","M48",1,"M48_S02_f_GA","Fork","f",1,1
"43","M48",1,"M48_S13_f_GA","Fork","f",2,1
"44","M48",1,"M48_S08_f_GA","Fork","f",3,0
"45","M48",1,"M48_S07_f_GA","Fork","f",4,1
"46","M48",1,"M48_S10_f_GA","Fork","f",5,1
"47","M72",1,"M72_S09_m_GA","Fork","m",1,1
"48","M72",1,"M72_S04_m_GA","Fork","m",2,1
"49","M72",1,"M72_S12_m_GA","Fork","m",3,0
"50","M72",1,"M72_S02_m_GA","Fork","m",4,1
"51","M72",1,"M72_S08_m_GA","Fork","m",5,1
"52","M72",1,"M72_S06_f_GA","Fork","f",1,1
"53","M72",1,"M72_S11_f_GA","Fork","f",2,1
"54","M72",1,"M72_S10_f_GA","Fork","f",3,1
"55","M72",1,"M72_S07_f_GA","Fork","f",4,0
"56","M72",1,"M72_S05_f_GA","Fork","f",5,1
"57","M72",1,"M72_S03_f_GA","Fork","f",6,1
"58","M48",1,"M48_S06_m_GA","Fork","m",1,0
"59","M48",1,"M48_S01_m_GA","Fork","m",2,0
"60","M48",1,"M48_S15_m_GA","Fork","m",3,1
"61","M48",1,"M48_S05_m_GA","Fork","m",4,1
"62","M48",1,"M48_S07_f_KA","Comb","f",1,1
"63","M48",1,"M48_S02_f_KA","Comb","f",2,1
"64","M48",1,"M48_S10_f_KA","Comb","f",3,0
"65","M48",1,"M48_S13_f_KA","Comb","f",4,0
"66","M72",1,"M72_S06_f_KA","Comb","f",1,0
"67","M72",1,"M72_S05_f_KA","Comb","f",2,1
"68","M72",1,"M72_S07_f_KA","Comb","f",3,0
"69","M72",1,"M72_S03_f_KA","Comb","f",4,1
"70","M72",1,"M72_S11_f_KA","Comb","f",5,1
"71","M72",1,"M72_S10_f_KA","Comb","f",6,1
"72","M72",1,"M72_S04_m_KA","Comb","m",1,1
"73","M72",1,"M72_S12_m_KA","Comb","m",2,0
"74","M72",1,"M72_S09_m_KA","Comb","m",3,1
"75","M72",1,"M72_S08_m_KA","Comb","m",4,1
"76","M72",1,"M72_S02_m_KA","Comb","m",5,1
"77","M48",1,"M48_S15_m_KA","Comb","m",1,1
"78","M48",1,"M48_S05_m_KA","Comb","m",2,0
"79","M48",1,"M48_S06_m_KA","Comb","m",3,1
"80","M48",1,"M48_S01_m_KA","Comb","m",4,0
"81","M72",1,"M72_S05_f_NI","Nothing","f",1,1
"82","M72",1,"M72_S11_f_NI","Nothing","f",2,1
"83","M72",1,"M72_S06_f_NI","Nothing","f",3,0
"84","M72",1,"M72_S03_f_NI","Nothing","f",4,1
"85","M72",1,"M72_S07_f_NI","Nothing","f",5,1
"86","M72",1,"M72_S10_f_NI","Nothing","f",6,1
"87","M48",1,"M48_S08_f_NI","Nothing","f",1,0
"88","M48",1,"M48_S02_f_NI","Nothing","f",2,1
"89","M48",1,"M48_S07_f_NI","Nothing","f",3,1
"90","M48",1,"M48_S13_f_NI","Nothing","f",4,1
"91","M48",1,"M48_S15_m_NI","Nothing","m",1,0
"92","M48",1,"M48_S06_m_NI","Nothing","m",2,1
"93","M72",1,"M72_S02_m_NI","Nothing","m",1,1
"94","M72",1,"M72_S09_m_NI","Nothing","m",2,1
"95","M72",1,"M72_S12_m_NI","Nothing","m",3,0
"96","M72",1,"M72_S04_m_NI","Nothing","m",4,1
"97","M72",1,"M72_S08_m_NI","Nothing","m",5,0
"98","M48",2,"M48_S06_m_KA","Comb","m",1,1
"99","M48",2,"M48_S01_m_KA","Comb","m",2,0
"100","M48",2,"M48_S15_m_KA","Comb","m",3,1
"101","M48",2,"M48_S05_m_KA","Comb","m",4,1
"102","M72",2,"M72_S11_f_KA","Comb","f",1,1
"103","M72",2,"M72_S05_f_KA","Comb","f",2,1
"104","M72",2,"M72_S06_f_KA","Comb","f",3,0
"105","M72",2,"M72_S03_f_KA","Comb","f",4,1
"106","M72",2,"M72_S07_f_KA","Comb","f",5,0
"107","M72",2,"M72_S10_f_KA","Comb","f",6,1
"108","M72",2,"M72_S09_m_KA","Comb","m",1,1
"109","M72",2,"M72_S02_m_KA","Comb","m",2,1
"110","M72",2,"M72_S12_m_KA","Comb","m",3,0
"111","M72",2,"M72_S08_m_KA","Comb","m",4,1
"112","M72",2,"M72_S04_m_KA","Comb","m",5,0
"113","M48",2,"M48_S13_f_KA","Comb","f",1,1
"114","M48",2,"M48_S07_f_KA","Comb","f",2,1
"115","M48",2,"M48_S10_f_KA","Comb","f",3,1
"116","M48",2,"M48_S02_f_KA","Comb","f",4,1
"117","M48",2,"M48_S06_m_GA","Fork","m",1,1
"118","M48",2,"M48_S15_m_GA","Fork","m",2,1
"119","M48",2,"M48_S01_m_GA","Fork","m",3,0
"120","M48",2,"M48_S05_m_GA","Fork","m",4,0
"121","M48",2,"M48_S07_f_GA","Fork","f",1,1
"122","M48",2,"M48_S13_f_GA","Fork","f",2,1
"123","M48",2,"M48_S02_f_GA","Fork","f",3,1
"124","M48",2,"M48_S08_f_GA","Fork","f",4,0
"125","M48",2,"M48_S10_f_GA","Fork","f",5,0
"126","M72",2,"M72_S08_m_GA","Fork","m",1,1
"127","M72",2,"M72_S02_m_GA","Fork","m",2,0
"128","M72",2,"M72_S04_m_GA","Fork","m",3,1
"129","M72",2,"M72_S09_m_GA","Fork","m",4,1
"130","M72",2,"M72_S12_m_GA","Fork","m",5,1
"131","M72",2,"M72_S07_f_GA","Fork","f",1,1
"132","M72",2,"M72_S05_f_GA","Fork","f",2,1
"133","M72",2,"M72_S10_f_GA","Fork","f",3,1
"134","M72",2,"M72_S06_f_GA","Fork","f",4,0
"135","M72",2,"M72_S11_f_GA","Fork","f",5,1
"136","M72",2,"M72_S03_f_GA","Fork","f",6,1
"137","M48",2,"M48_S13_f_FA","Bike","f",1,1
"138","M48",2,"M48_S02_f_FA","Bike","f",2,1
"139","M48",2,"M48_S08_f_FA","Bike","f",3,0
"140","M48",2,"M48_S07_f_FA","Bike","f",4,1
"141","M48",2,"M48_S10_f_FA","Bike","f",5,1
"142","M72",2,"M72_S02_m_FA","Bike","m",1,1
"143","M72",2,"M72_S08_m_FA","Bike","m",2,0
"144","M72",2,"M72_S09_m_FA","Bike","m",3,1
"145","M72",2,"M72_S04_m_FA","Bike","m",4,1
"146","M72",2,"M72_S12_m_FA","Bike","m",5,1
"147","M48",2,"M48_S15_m_FA","Bike","m",1,0
"148","M48",2,"M48_S06_m_FA","Bike","m",2,1
"149","M48",2,"M48_S01_m_FA","Bike","m",3,1
"150","M48",2,"M48_S05_m_FA","Bike","m",4,0
"151","M72",2,"M72_S03_f_FA","Bike","f",1,1
"152","M72",2,"M72_S07_f_FA","Bike","f",2,0
"153","M72",2,"M72_S05_f_FA","Bike","f",3,1
"154","M72",2,"M72_S10_f_FA","Bike","f",4,1
"155","M72",2,"M72_S06_f_FA","Bike","f",5,0
"156","M72",2,"M72_S11_f_FA","Bike","f",6,1
"157","M48",2,"M48_S05_m_HA","Hammer","m",1,1
"158","M48",2,"M48_S06_m_HA","Hammer","m",2,1
"159","M48",2,"M48_S04_m_HA","Hammer","m",3,0
"160","M48",2,"M48_S15_m_HA","Hammer","m",4,1
"161","M48",2,"M48_S01_m_HA","Hammer","m",5,1
"162","M48",2,"M48_S07_f_HA","Hammer","f",1,1
"163","M48",2,"M48_S08_f_HA","Hammer","f",2,0
"164","M48",2,"M48_S02_f_HA","Hammer","f",3,1
"165","M48",2,"M48_S13_f_HA","Hammer","f",4,1
"166","M48",2,"M48_S10_f_HA","Hammer","f",5,0
"167","M72",2,"M72_S11_f_HA","Hammer","f",1,1
"168","M72",2,"M72_S05_f_HA","Hammer","f",2,1
"169","M72",2,"M72_S06_f_HA","Hammer","f",3,0
"170","M72",2,"M72_S10_f_HA","Hammer","f",4,1
"171","M72",2,"M72_S07_f_HA","Hammer","f",5,1
"172","M72",2,"M72_S03_f_HA","Hammer","f",6,1
"173","M72",2,"M72_S08_m_HA","Hammer","m",1,1
"174","M72",2,"M72_S04_m_HA","Hammer","m",2,1
"175","M72",2,"M72_S02_m_HA","Hammer","m",3,1
"176","M72",2,"M72_S09_m_HA","Hammer","m",4,1
"177","M72",2,"M72_S12_m_HA","Hammer","m",5,0
"178","M72",2,"M72_S02_m_NI","Nothing","m",1,1
"179","M72",2,"M72_S12_m_NI","Nothing","m",2,0
"180","M72",2,"M72_S09_m_NI","Nothing","m",3,1
"181","M72",2,"M72_S08_m_NI","Nothing","m",4,1
"182","M72",2,"M72_S04_m_NI","Nothing","m",5,1
"183","M72",2,"M72_S06_f_NI","Nothing","f",1,0
"184","M72",2,"M72_S11_f_NI","Nothing","f",2,1
"185","M72",2,"M72_S05_f_NI","Nothing","f",3,1
"186","M72",2,"M72_S07_f_NI","Nothing","f",4,1
"187","M72",2,"M72_S03_f_NI","Nothing","f",5,1
"188","M72",2,"M72_S10_f_NI","Nothing","f",6,1
"189","M48",2,"M48_S15_m_NI","Nothing","m",1,0
"190","M48",2,"M48_S06_m_NI","Nothing","m",2,1
"191","M48",2,"M48_S02_f_NI","Nothing","f",1,0
"192","M48",2,"M48_S13_f_NI","Nothing","f",2,0
"193","M48",2,"M48_S07_f_NI","Nothing","f",3,1
"194","M48",2,"M48_S08_f_NI","Nothing","f",4,0
"195","M72",3,"M72_S02_m_FA","Bike","m",1,1
"196","M72",3,"M72_S08_m_FA","Bike","m",2,1
"197","M72",3,"M72_S09_m_FA","Bike","m",3,1
"198","M72",3,"M72_S04_m_FA","Bike","m",4,1
"199","M72",3,"M72_S12_m_FA","Bike","m",5,1
"200","M72",3,"M72_S11_f_FA","Bike","f",1,1
"201","M72",3,"M72_S06_f_FA","Bike","f",2,1
"202","M72",3,"M72_S10_f_FA","Bike","f",3,1
"203","M72",3,"M72_S03_f_FA","Bike","f",4,1
"204","M72",3,"M72_S07_f_FA","Bike","f",5,0
"205","M72",3,"M72_S05_f_FA","Bike","f",6,1
"206","M48",3,"M48_S15_m_FA","Bike","m",1,1
"207","M48",3,"M48_S06_m_FA","Bike","m",2,1
"208","M48",3,"M48_S01_m_FA","Bike","m",3,1
"209","M48",3,"M48_S05_m_FA","Bike","m",4,0
"210","M48",3,"M48_S08_f_FA","Bike","f",1,0
"211","M48",3,"M48_S10_f_FA","Bike","f",2,0
"212","M48",3,"M48_S07_f_FA","Bike","f",3,1
"213","M48",3,"M48_S02_f_FA","Bike","f",4,1
"214","M48",3,"M48_S13_f_FA","Bike","f",5,1
"215","M48",3,"M48_S13_f_HA","Hammer","f",1,1
"216","M48",3,"M48_S10_f_HA","Hammer","f",2,1
"217","M48",3,"M48_S08_f_HA","Hammer","f",3,1
"218","M48",3,"M48_S02_f_HA","Hammer","f",4,1
"219","M48",3,"M48_S07_f_HA","Hammer","f",5,0
"220","M72",3,"M72_S04_m_HA","Hammer","m",1,1
"221","M72",3,"M72_S12_m_HA","Hammer","m",2,0
"222","M72",3,"M72_S02_m_HA","Hammer","m",3,1
"223","M72",3,"M72_S08_m_HA","Hammer","m",4,1
"224","M72",3,"M72_S09_m_HA","Hammer","m",5,0
"225","M72",3,"M72_S11_f_HA","Hammer","f",1,0
"226","M72",3,"M72_S07_f_HA","Hammer","f",2,1
"227","M72",3,"M72_S10_f_HA","Hammer","f",3,0
"228","M72",3,"M72_S06_f_HA","Hammer","f",4,0
"229","M72",3,"M72_S03_f_HA","Hammer","f",5,0
"230","M72",3,"M72_S05_f_HA","Hammer","f",6,1
"231","M48",3,"M48_S06_m_HA","Hammer","m",1,1
"232","M48",3,"M48_S05_m_HA","Hammer","m",2,1
"233","M48",3,"M48_S04_m_HA","Hammer","m",3,0
"234","M48",3,"M48_S01_m_HA","Hammer","m",4,1
"235","M48",3,"M48_S15_m_HA","Hammer","m",5,1
"236","M48",3,"M48_S13_f_GA","Fork","f",1,1
"237","M48",3,"M48_S07_f_GA","Fork","f",2,1
"238","M48",3,"M48_S08_f_GA","Fork","f",3,0
"239","M48",3,"M48_S10_f_GA","Fork","f",4,1
"240","M48",3,"M48_S02_f_GA","Fork","f",5,0
"241","M72",3,"M72_S09_m_GA","Fork","m",1,1
"242","M72",3,"M72_S12_m_GA","Fork","m",2,1
"243","M72",3,"M72_S02_m_GA","Fork","m",3,1
"244","M72",3,"M72_S04_m_GA","Fork","m",4,1
"245","M72",3,"M72_S08_m_GA","Fork","m",5,1
"246","M72",3,"M72_S06_f_GA","Fork","f",1,1
"247","M72",3,"M72_S10_f_GA","Fork","f",2,1
"248","M72",3,"M72_S05_f_GA","Fork","f",3,0
"249","M72",3,"M72_S03_f_GA","Fork","f",4,1
"250","M72",3,"M72_S11_f_GA","Fork","f",5,0
"251","M72",3,"M72_S07_f_GA","Fork","f",6,1
"252","M48",3,"M48_S01_m_GA","Fork","m",1,0
"253","M48",3,"M48_S06_m_GA","Fork","m",2,0
"254","M48",3,"M48_S15_m_GA","Fork","m",3,1
"255","M48",3,"M48_S05_m_GA","Fork","m",4,1
"256","M72",3,"M72_S02_m_KA","Comb","m",1,1
"257","M72",3,"M72_S09_m_KA","Comb","m",2,1
"258","M72",3,"M72_S04_m_KA","Comb","m",3,0
"259","M72",3,"M72_S12_m_KA","Comb","m",4,0
"260","M72",3,"M72_S08_m_KA","Comb","m",5,1
"261","M48",3,"M48_S02_f_KA","Comb","f",1,1
"262","M48",3,"M48_S13_f_KA","Comb","f",2,0
"263","M48",3,"M48_S10_f_KA","Comb","f",3,0
"264","M48",3,"M48_S07_f_KA","Comb","f",4,1
"265","M48",3,"M48_S05_m_KA","Comb","m",1,1
"266","M48",3,"M48_S15_m_KA","Comb","m",2,1
"267","M48",3,"M48_S01_m_KA","Comb","m",3,1
"268","M48",3,"M48_S06_m_KA","Comb","m",4,0
"269","M72",3,"M72_S03_f_KA","Comb","f",1,1
"270","M72",3,"M72_S10_f_KA","Comb","f",2,1
"271","M72",3,"M72_S06_f_KA","Comb","f",3,0
"272","M72",3,"M72_S07_f_KA","Comb","f",4,1
"273","M72",3,"M72_S05_f_KA","Comb","f",5,1
"274","M72",3,"M72_S11_f_KA","Comb","f",6,0
"275","M72",3,"M72_S12_m_NI","Nothing","m",1,1
"276","M72",3,"M72_S08_m_NI","Nothing","m",2,1
"277","M72",3,"M72_S09_m_NI","Nothing","m",3,1
"278","M72",3,"M72_S02_m_NI","Nothing","m",4,1
"279","M72",3,"M72_S04_m_NI","Nothing","m",5,1
"280","M48",3,"M48_S06_m_NI","Nothing","m",1,1
"281","M48",3,"M48_S15_m_NI","Nothing","m",2,0
"282","M48",3,"M48_S13_f_NI","Nothing","f",1,0
"283","M48",3,"M48_S07_f_NI","Nothing","f",2,1
"284","M48",3,"M48_S02_f_NI","Nothing","f",3,0
"285","M48",3,"M48_S08_f_NI","Nothing","f",4,0
"286","M72",3,"M72_S05_f_NI","Nothing","f",1,1
"287","M72",3,"M72_S03_f_NI","Nothing","f",2,1
"288","M72",3,"M72_S06_f_NI","Nothing","f",3,1
"289","M72",3,"M72_S07_f_NI","Nothing","f",4,1
"290","M72",3,"M72_S10_f_NI","Nothing","f",5,1
"291","M72",3,"M72_S11_f_NI","Nothing","f",6,1
"292","M48",4,"M48_S15_m_NI","Nothing","m",1,0
"293","M48",4,"M48_S06_m_NI","Nothing","m",2,1
"294","M48",4,"M48_S08_f_NI","Nothing","f",1,1
"295","M48",4,"M48_S13_f_NI","Nothing","f",2,1
"296","M48",4,"M48_S07_f_NI","Nothing","f",3,1
"297","M48",4,"M48_S02_f_NI","Nothing","f",4,1
"298","M72",4,"M72_S04_m_NI","Nothing","m",1,1
"299","M72",4,"M72_S02_m_NI","Nothing","m",2,1
"300","M72",4,"M72_S09_m_NI","Nothing","m",3,1
"301","M72",4,"M72_S08_m_NI","Nothing","m",4,1
"302","M72",4,"M72_S12_m_NI","Nothing","m",5,0
"303","M72",4,"M72_S11_f_NI","Nothing","f",1,1
"304","M72",4,"M72_S10_f_NI","Nothing","f",2,1
"305","M72",4,"M72_S06_f_NI","Nothing","f",3,0
"306","M72",4,"M72_S07_f_NI","Nothing","f",4,1
"307","M72",4,"M72_S05_f_NI","Nothing","f",5,1
"308","M72",4,"M72_S03_f_NI","Nothing","f",6,1
"309","M72",4,"M72_S08_m_FA","Bike","m",1,1
"310","M72",4,"M72_S12_m_FA","Bike","m",2,1
"311","M72",4,"M72_S04_m_FA","Bike","m",3,1
"312","M72",4,"M72_S02_m_FA","Bike","m",4,1
"313","M72",4,"M72_S09_m_FA","Bike","m",5,1
"314","M72",4,"M72_S03_f_FA","Bike","f",1,1
"315","M72",4,"M72_S10_f_FA","Bike","f",2,0
"316","M72",4,"M72_S05_f_FA","Bike","f",3,1
"317","M72",4,"M72_S07_f_FA","Bike","f",4,0
"318","M72",4,"M72_S06_f_FA","Bike","f",5,1
"319","M72",4,"M72_S11_f_FA","Bike","f",6,1
"320","M48",4,"M48_S15_m_FA","Bike","m",1,1
"321","M48",4,"M48_S06_m_FA","Bike","m",2,1
"322","M48",4,"M48_S01_m_FA","Bike","m",3,1
"323","M48",4,"M48_S05_m_FA","Bike","m",4,0
"324","M48",4,"M48_S02_f_FA","Bike","f",1,0
"325","M48",4,"M48_S07_f_FA","Bike","f",2,1
"326","M48",4,"M48_S13_f_FA","Bike","f",3,1
"327","M48",4,"M48_S10_f_FA","Bike","f",4,1
"328","M48",4,"M48_S08_f_FA","Bike","f",5,1
"329","M48",4,"M48_S06_m_GA","Fork","m",1,0
"330","M48",4,"M48_S01_m_GA","Fork","m",2,0
"331","M48",4,"M48_S05_m_GA","Fork","m",3,1
"332","M48",4,"M48_S15_m_GA","Fork","m",4,1
"333","M72",4,"M72_S11_f_GA","Fork","f",1,0
"334","M72",4,"M72_S06_f_GA","Fork","f",2,1
"335","M72",4,"M72_S03_f_GA","Fork","f",3,1
"336","M72",4,"M72_S05_f_GA","Fork","f",4,0
"337","M72",4,"M72_S07_f_GA","Fork","f",5,1
"338","M72",4,"M72_S10_f_GA","Fork","f",6,1
"339","M72",4,"M72_S09_m_GA","Fork","m",1,1
"340","M72",4,"M72_S12_m_GA","Fork","m",2,1
"341","M72",4,"M72_S04_m_GA","Fork","m",3,1
"342","M72",4,"M72_S08_m_GA","Fork","m",4,1
"343","M72",4,"M72_S02_m_GA","Fork","m",5,1
"344","M48",4,"M48_S08_f_GA","Fork","f",1,0
"345","M48",4,"M48_S10_f_GA","Fork","f",2,1
"346","M48",4,"M48_S13_f_GA","Fork","f",3,0
"347","M48",4,"M48_S07_f_GA","Fork","f",4,1
"348","M48",4,"M48_S02_f_GA","Fork","f",5,1
"349","M48",4,"M48_S05_m_HA","Hammer","m",1,1
"350","M48",4,"M48_S04_m_HA","Hammer","m",2,1
"351","M48",4,"M48_S15_m_HA","Hammer","m",3,1
"352","M48",4,"M48_S01_m_HA","Hammer","m",4,1
"353","M48",4,"M48_S06_m_HA","Hammer","m",5,1
"354","M72",4,"M72_S12_m_HA","Hammer","m",1,0
"355","M72",4,"M72_S04_m_HA","Hammer","m",2,1
"356","M72",4,"M72_S02_m_HA","Hammer","m",3,0
"357","M72",4,"M72_S09_m_HA","Hammer","m",4,1
"358","M72",4,"M72_S08_m_HA","Hammer","m",5,1
"359","M72",4,"M72_S05_f_HA","Hammer","f",1,1
"360","M72",4,"M72_S03_f_HA","Hammer","f",2,0
"361","M72",4,"M72_S10_f_HA","Hammer","f",3,1
"362","M72",4,"M72_S06_f_HA","Hammer","f",4,1
"363","M72",4,"M72_S11_f_HA","Hammer","f",5,1
"364","M72",4,"M72_S07_f_HA","Hammer","f",6,1
"365","M48",4,"M48_S13_f_HA","Hammer","f",1,1
"366","M48",4,"M48_S07_f_HA","Hammer","f",2,1
"367","M48",4,"M48_S02_f_HA","Hammer","f",3,1
"368","M48",4,"M48_S08_f_HA","Hammer","f",4,0
"369","M48",4,"M48_S10_f_HA","Hammer","f",5,1
"370","M48",4,"M48_S06_m_KA","Comb","m",1,0
"371","M48",4,"M48_S01_m_KA","Comb","m",2,0
"372","M48",4,"M48_S05_m_KA","Comb","m",3,1
"373","M48",4,"M48_S15_m_KA","Comb","m",4,1
"374","M72",4,"M72_S02_m_KA","Comb","m",1,0
"375","M72",4,"M72_S08_m_KA","Comb","m",2,1
"376","M72",4,"M72_S12_m_KA","Comb","m",3,1
"377","M72",4,"M72_S04_m_KA","Comb","m",4,0
"378","M72",4,"M72_S09_m_KA","Comb","m",5,1
"379","M72",4,"M72_S05_f_KA","Comb","f",1,1
"380","M72",4,"M72_S03_f_KA","Comb","f",2,1
"381","M72",4,"M72_S07_f_KA","Comb","f",3,0
"382","M72",4,"M72_S06_f_KA","Comb","f",4,0
"383","M72",4,"M72_S10_f_KA","Comb","f",5,1
"384","M72",4,"M72_S11_f_KA","Comb","f",6,1
"385","M48",4,"M48_S10_f_KA","Comb","f",1,0
"386","M48",4,"M48_S07_f_KA","Comb","f",2,1
"387","M48",4,"M48_S13_f_KA","Comb","f",3,0
"388","M48",4,"M48_S02_f_KA","Comb","f",4,0
"389","M72",5,"M72_S03_f_GA","Fork","f",1,1
"390","M72",5,"M72_S11_f_GA","Fork","f",2,0
"391","M72",5,"M72_S05_f_GA","Fork","f",3,0
"392","M72",5,"M72_S07_f_GA","Fork","f",4,1
"393","M72",5,"M72_S10_f_GA","Fork","f",5,1
"394","M72",5,"M72_S06_f_GA","Fork","f",6,1
"395","M48",5,"M48_S01_m_GA","Fork","m",1,0
"396","M48",5,"M48_S06_m_GA","Fork","m",2,1
"397","M48",5,"M48_S05_m_GA","Fork","m",3,1
"398","M48",5,"M48_S15_m_GA","Fork","m",4,0
"399","M48",5,"M48_S02_f_GA","Fork","f",1,1
"400","M48",5,"M48_S10_f_GA","Fork","f",2,0
"401","M48",5,"M48_S08_f_GA","Fork","f",3,0
"402","M48",5,"M48_S07_f_GA","Fork","f",4,1
"403","M48",5,"M48_S13_f_GA","Fork","f",5,1
"404","M72",5,"M72_S12_m_GA","Fork","m",1,0
"405","M72",5,"M72_S02_m_GA","Fork","m",2,1
"406","M72",5,"M72_S04_m_GA","Fork","m",3,1
"407","M72",5,"M72_S09_m_GA","Fork","m",4,1
"408","M72",5,"M72_S08_m_GA","Fork","m",5,1
"409","M48",5,"M48_S15_m_NI","Nothing","m",1,0
"410","M48",5,"M48_S06_m_NI","Nothing","m",2,1
"411","M48",5,"M48_S13_f_NI","Nothing","f",1,1
"412","M48",5,"M48_S08_f_NI","Nothing","f",2,0
"413","M48",5,"M48_S07_f_NI","Nothing","f",3,1
"414","M48",5,"M48_S02_f_NI","Nothing","f",4,1
"415","M72",5,"M72_S04_m_NI","Nothing","m",1,1
"416","M72",5,"M72_S09_m_NI","Nothing","m",2,0
"417","M72",5,"M72_S12_m_NI","Nothing","m",3,1
"418","M72",5,"M72_S08_m_NI","Nothing","m",4,1
"419","M72",5,"M72_S02_m_NI","Nothing","m",5,1
"420","M72",5,"M72_S06_f_NI","Nothing","f",1,1
"421","M72",5,"M72_S07_f_NI","Nothing","f",2,0
"422","M72",5,"M72_S11_f_NI","Nothing","f",3,1
"423","M72",5,"M72_S05_f_NI","Nothing","f",4,1
"424","M72",5,"M72_S10_f_NI","Nothing","f",5,1
"425","M72",5,"M72_S03_f_NI","Nothing","f",6,1
"426","M48",5,"M48_S06_m_FA","Bike","m",1,1
"427","M48",5,"M48_S05_m_FA","Bike","m",2,0
"428","M48",5,"M48_S15_m_FA","Bike","m",3,1
"429","M48",5,"M48_S01_m_FA","Bike","m",4,1
"430","M72",5,"M72_S12_m_FA","Bike","m",1,1
"431","M72",5,"M72_S02_m_FA","Bike","m",2,1
"432","M72",5,"M72_S04_m_FA","Bike","m",3,0
"433","M72",5,"M72_S08_m_FA","Bike","m",4,1
"434","M72",5,"M72_S09_m_FA","Bike","m",5,1
"435","M48",5,"M48_S08_f_FA","Bike","f",1,1
"436","M48",5,"M48_S07_f_FA","Bike","f",2,1
"437","M48",5,"M48_S02_f_FA","Bike","f",3,0
"438","M48",5,"M48_S10_f_FA","Bike","f",4,1
"439","M48",5,"M48_S13_f_FA","Bike","f",5,1
"440","M72",5,"M72_S10_f_FA","Bike","f",1,0
"441","M72",5,"M72_S06_f_FA","Bike","f",2,1
"442","M72",5,"M72_S11_f_FA","Bike","f",3,1
"443","M72",5,"M72_S03_f_FA","Bike","f",4,1
"444","M72",5,"M72_S07_f_FA","Bike","f",5,0
"445","M72",5,"M72_S05_f_FA","Bike","f",6,1
"446","M48",5,"M48_S10_f_HA","Hammer","f",1,0
"447","M48",5,"M48_S08_f_HA","Hammer","f",2,0
"448","M48",5,"M48_S07_f_HA","Hammer","f",3,0
"449","M48",5,"M48_S02_f_HA","Hammer","f",4,1
"450","M48",5,"M48_S13_f_HA","Hammer","f",5,1
"451","M72",5,"M72_S12_m_HA","Hammer","m",1,0
"452","M72",5,"M72_S09_m_HA","Hammer","m",2,0
"453","M72",5,"M72_S04_m_HA","Hammer","m",3,0
"454","M72",5,"M72_S08_m_HA","Hammer","m",4,1
"455","M72",5,"M72_S02_m_HA","Hammer","m",5,1
"456","M72",5,"M72_S03_f_HA","Hammer","f",1,1
"457","M72",5,"M72_S06_f_HA","Hammer","f",2,0
"458","M72",5,"M72_S07_f_HA","Hammer","f",3,1
"459","M72",5,"M72_S05_f_HA","Hammer","f",4,0
"460","M72",5,"M72_S10_f_HA","Hammer","f",5,1
"461","M72",5,"M72_S11_f_HA","Hammer","f",6,0
"462","M48",5,"M48_S05_m_HA","Hammer","m",1,1
"463","M48",5,"M48_S06_m_HA","Hammer","m",2,0
"464","M48",5,"M48_S01_m_HA","Hammer","m",3,1
"465","M48",5,"M48_S15_m_HA","Hammer","m",4,1
"466","M48",5,"M48_S04_m_HA","Hammer","m",5,0
"467","M72",5,"M72_S12_m_KA","Comb","m",1,1
"468","M72",5,"M72_S08_m_KA","Comb","m",2,1
"469","M72",5,"M72_S09_m_KA","Comb","m",3,1
"470","M72",5,"M72_S04_m_KA","Comb","m",4,1
"471","M72",5,"M72_S02_m_KA","Comb","m",5,0
"472","M48",5,"M48_S01_m_KA","Comb","m",1,1
"473","M48",5,"M48_S15_m_KA","Comb","m",2,1
"474","M48",5,"M48_S05_m_KA","Comb","m",3,1
"475","M48",5,"M48_S06_m_KA","Comb","m",4,0
"476","M48",5,"M48_S02_f_KA","Comb","f",1,0
"477","M48",5,"M48_S07_f_KA","Comb","f",2,1
"478","M48",5,"M48_S13_f_KA","Comb","f",3,1
"479","M48",5,"M48_S10_f_KA","Comb","f",4,0
"480","M72",5,"M72_S06_f_KA","Comb","f",1,1
"481","M72",5,"M72_S07_f_KA","Comb","f",2,0
"482","M72",5,"M72_S11_f_KA","Comb","f",3,1
"483","M72",5,"M72_S03_f_KA","Comb","f",4,1
"484","M72",5,"M72_S05_f_KA","Comb","f",5,0
"485","M72",5,"M72_S10_f_KA","Comb","f",6,0
"486","M72",6,"M72_S08_m_FA","Bike","m",1,1
"487","M72",6,"M72_S09_m_FA","Bike","m",2,1
"488","M72",6,"M72_S04_m_FA","Bike","m",3,0
"489","M72",6,"M72_S02_m_FA","Bike","m",4,1
"490","M72",6,"M72_S12_m_FA","Bike","m",5,1
"491","M72",6,"M72_S05_f_FA","Bike","f",1,1
"492","M72",6,"M72_S10_f_FA","Bike","f",2,1
"493","M72",6,"M72_S06_f_FA","Bike","f",3,1
"494","M72",6,"M72_S11_f_FA","Bike","f",4,1
"495","M72",6,"M72_S07_f_FA","Bike","f",5,0
"496","M72",6,"M72_S03_f_FA","Bike","f",6,1
"497","M48",6,"M48_S13_f_FA","Bike","f",1,1
"498","M48",6,"M48_S07_f_FA","Bike","f",2,0
"499","M48",6,"M48_S02_f_FA","Bike","f",3,1
"500","M48",6,"M48_S10_f_FA","Bike","f",4,1
"501","M48",6,"M48_S08_f_FA","Bike","f",5,1
"502","M48",6,"M48_S06_m_FA","Bike","m",1,1
"503","M48",6,"M48_S15_m_FA","Bike","m",2,0
"504","M48",6,"M48_S01_m_FA","Bike","m",3,0
"505","M48",6,"M48_S05_m_FA","Bike","m",4,1
"506","M48",6,"M48_S08_f_GA","Fork","f",1,0
"507","M48",6,"M48_S07_f_GA","Fork","f",2,0
"508","M48",6,"M48_S02_f_GA","Fork","f",3,0
"509","M48",6,"M48_S13_f_GA","Fork","f",4,1
"510","M48",6,"M48_S10_f_GA","Fork","f",5,1
"511","M72",6,"M72_S03_f_GA","Fork","f",1,1
"512","M72",6,"M72_S10_f_GA","Fork","f",2,1
"513","M72",6,"M72_S05_f_GA","Fork","f",3,0
"514","M72",6,"M72_S11_f_GA","Fork","f",4,0
"515","M72",6,"M72_S06_f_GA","Fork","f",5,1
"516","M72",6,"M72_S07_f_GA","Fork","f",6,1
"517","M72",6,"M72_S12_m_GA","Fork","m",1,1
"518","M72",6,"M72_S08_m_GA","Fork","m",2,1
"519","M72",6,"M72_S04_m_GA","Fork","m",3,0
"520","M72",6,"M72_S02_m_GA","Fork","m",4,1
"521","M72",6,"M72_S09_m_GA","Fork","m",5,1
"522","M48",6,"M48_S15_m_GA","Fork","m",1,1
"523","M48",6,"M48_S01_m_GA","Fork","m",2,0
"524","M48",6,"M48_S06_m_GA","Fork","m",3,0
"525","M48",6,"M48_S05_m_GA","Fork","m",4,1
"526","M72",6,"M72_S10_f_HA","Hammer","f",1,1
"527","M72",6,"M72_S05_f_HA","Hammer","f",2,0
"528","M72",6,"M72_S11_f_HA","Hammer","f",3,1
"529","M72",6,"M72_S07_f_HA","Hammer","f",4,0
"530","M72",6,"M72_S03_f_HA","Hammer","f",5,1
"531","M72",6,"M72_S06_f_HA","Hammer","f",6,0
"532","M48",6,"M48_S07_f_HA","Hammer","f",1,1
"533","M48",6,"M48_S02_f_HA","Hammer","f",2,1
"534","M48",6,"M48_S10_f_HA","Hammer","f",3,1
"535","M48",6,"M48_S13_f_HA","Hammer","f",4,1
"536","M48",6,"M48_S08_f_HA","Hammer","f",5,0
"537","M72",6,"M72_S12_m_HA","Hammer","m",1,0
"538","M72",6,"M72_S08_m_HA","Hammer","m",2,1
"539","M72",6,"M72_S04_m_HA","Hammer","m",3,1
"540","M72",6,"M72_S09_m_HA","Hammer","m",4,1
"541","M72",6,"M72_S02_m_HA","Hammer","m",5,0
"542","M48",6,"M48_S04_m_HA","Hammer","m",1,0
"543","M48",6,"M48_S06_m_HA","Hammer","m",2,1
"544","M48",6,"M48_S15_m_HA","Hammer","m",3,0
"545","M48",6,"M48_S05_m_HA","Hammer","m",4,1
"546","M48",6,"M48_S01_m_HA","Hammer","m",5,1
"547","M48",6,"M48_S06_m_NI","Nothing","m",1,1
"548","M48",6,"M48_S15_m_NI","Nothing","m",2,0
"549","M72",6,"M72_S08_m_NI","Nothing","m",1,1
"550","M72",6,"M72_S12_m_NI","Nothing","m",2,0
"551","M72",6,"M72_S02_m_NI","Nothing","m",3,1
"552","M72",6,"M72_S04_m_NI","Nothing","m",4,1
"553","M72",6,"M72_S09_m_NI","Nothing","m",5,1
"554","M48",6,"M48_S07_f_NI","Nothing","f",1,1
"555","M48",6,"M48_S08_f_NI","Nothing","f",2,0
"556","M48",6,"M48_S02_f_NI","Nothing","f",3,0
"557","M48",6,"M48_S13_f_NI","Nothing","f",4,0
"558","M72",6,"M72_S05_f_NI","Nothing","f",1,1
"559","M72",6,"M72_S10_f_NI","Nothing","f",2,1
"560","M72",6,"M72_S07_f_NI","Nothing","f",3,1
"561","M72",6,"M72_S06_f_NI","Nothing","f",4,1
"562","M72",6,"M72_S11_f_NI","Nothing","f",5,1
"563","M72",6,"M72_S03_f_NI","Nothing","f",6,1
"564","M72",6,"M72_S08_m_KA","Comb","m",1,1
"565","M72",6,"M72_S09_m_KA","Comb","m",2,1
"566","M72",6,"M72_S12_m_KA","Comb","m",3,0
"567","M72",6,"M72_S02_m_KA","Comb","m",4,1
"568","M72",6,"M72_S04_m_KA","Comb","m",5,0
"569","M48",6,"M48_S05_m_KA","Comb","m",1,1
"570","M48",6,"M48_S01_m_KA","Comb","m",2,1
"571","M48",6,"M48_S15_m_KA","Comb","m",3,0
"572","M48",6,"M48_S06_m_KA","Comb","m",4,0
"573","M72",6,"M72_S11_f_KA","Comb","f",1,0
"574","M72",6,"M72_S05_f_KA","Comb","f",2,1
"575","M72",6,"M72_S07_f_KA","Comb","f",3,0
"576","M72",6,"M72_S06_f_KA","Comb","f",4,1
"577","M72",6,"M72_S03_f_KA","Comb","f",5,1
"578","M72",6,"M72_S10_f_KA","Comb","f",6,1
"579","M48",6,"M48_S13_f_KA","Comb","f",1,0
"580","M48",6,"M48_S02_f_KA","Comb","f",2,1
"581","M48",6,"M48_S10_f_KA","Comb","f",3,0
"582","M48",6,"M48_S07_f_KA","Comb","f",4,1
"583","M48",7,"M48_S06_m_NI","Nothing","m",1,1
"584","M48",7,"M48_S15_m_NI","Nothing","m",2,0
"585","M48",7,"M48_S02_f_NI","Nothing","f",1,1
"586","M48",7,"M48_S08_f_NI","Nothing","f",2,0
"587","M48",7,"M48_S07_f_NI","Nothing","f",3,1
"588","M48",7,"M48_S13_f_NI","Nothing","f",4,1
"589","M72",7,"M72_S02_m_NI","Nothing","m",1,1
"590","M72",7,"M72_S12_m_NI","Nothing","m",2,1
"591","M72",7,"M72_S08_m_NI","Nothing","m",3,0
"592","M72",7,"M72_S04_m_NI","Nothing","m",4,1
"593","M72",7,"M72_S09_m_NI","Nothing","m",5,1
"594","M72",7,"M72_S07_f_NI","Nothing","f",1,1
"595","M72",7,"M72_S03_f_NI","Nothing","f",2,1
"596","M72",7,"M72_S06_f_NI","Nothing","f",3,1
"597","M72",7,"M72_S11_f_NI","Nothing","f",4,1
"598","M72",7,"M72_S10_f_NI","Nothing","f",5,1
"599","M72",7,"M72_S05_f_NI","Nothing","f",6,1
"600","M48",7,"M48_S02_f_GA","Fork","f",1,0
"601","M48",7,"M48_S10_f_GA","Fork","f",2,1
"602","M48",7,"M48_S08_f_GA","Fork","f",3,0
"603","M48",7,"M48_S13_f_GA","Fork","f",4,0
"604","M48",7,"M48_S07_f_GA","Fork","f",5,0
"605","M48",7,"M48_S15_m_GA","Fork","m",1,1
"606","M48",7,"M48_S01_m_GA","Fork","m",2,0
"607","M48",7,"M48_S06_m_GA","Fork","m",3,1
"608","M48",7,"M48_S05_m_GA","Fork","m",4,1
"609","M72",7,"M72_S11_f_GA","Fork","f",1,1
"610","M72",7,"M72_S06_f_GA","Fork","f",2,1
"611","M72",7,"M72_S10_f_GA","Fork","f",3,1
"612","M72",7,"M72_S07_f_GA","Fork","f",4,1
"613","M72",7,"M72_S03_f_GA","Fork","f",5,0
"614","M72",7,"M72_S05_f_GA","Fork","f",6,1
"615","M72",7,"M72_S08_m_GA","Fork","m",1,1
"616","M72",7,"M72_S09_m_GA","Fork","m",2,1
"617","M72",7,"M72_S04_m_GA","Fork","m",3,0
"618","M72",7,"M72_S12_m_GA","Fork","m",4,0
"619","M72",7,"M72_S02_m_GA","Fork","m",5,1
"620","M72",7,"M72_S03_f_FA","Bike","f",1,1
"621","M72",7,"M72_S06_f_FA","Bike","f",2,1
"622","M72",7,"M72_S07_f_FA","Bike","f",3,1
"623","M72",7,"M72_S10_f_FA","Bike","f",4,0
"624","M72",7,"M72_S11_f_FA","Bike","f",5,1
"625","M72",7,"M72_S05_f_FA","Bike","f",6,1
"626","M48",7,"M48_S02_f_FA","Bike","f",1,1
"627","M48",7,"M48_S13_f_FA","Bike","f",2,1
"628","M48",7,"M48_S07_f_FA","Bike","f",3,1
"629","M48",7,"M48_S08_f_FA","Bike","f",4,1
"630","M48",7,"M48_S10_f_FA","Bike","f",5,1
"631","M72",7,"M72_S12_m_FA","Bike","m",1,0
"632","M72",7,"M72_S09_m_FA","Bike","m",2,1
"633","M72",7,"M72_S08_m_FA","Bike","m",3,1
"634","M72",7,"M72_S04_m_FA","Bike","m",4,1
"635","M72",7,"M72_S02_m_FA","Bike","m",5,1
"636","M48",7,"M48_S15_m_FA","Bike","m",1,1
"637","M48",7,"M48_S06_m_FA","Bike","m",2,1
"638","M48",7,"M48_S05_m_FA","Bike","m",3,1
"639","M48",7,"M48_S01_m_FA","Bike","m",4,1
"640","M72",7,"M72_S09_m_HA","Hammer","m",1,0
"641","M72",7,"M72_S04_m_HA","Hammer","m",2,1
"642","M72",7,"M72_S02_m_HA","Hammer","m",3,0
"643","M72",7,"M72_S08_m_HA","Hammer","m",4,0
"644","M72",7,"M72_S12_m_HA","Hammer","m",5,0
"645","M48",7,"M48_S02_f_HA","Hammer","f",1,1
"646","M48",7,"M48_S07_f_HA","Hammer","f",2,1
"647","M48",7,"M48_S10_f_HA","Hammer","f",3,1
"648","M48",7,"M48_S13_f_HA","Hammer","f",4,1
"649","M48",7,"M48_S08_f_HA","Hammer","f",5,0
"650","M72",7,"M72_S06_f_HA","Hammer","f",1,0
"651","M72",7,"M72_S10_f_HA","Hammer","f",2,1
"652","M72",7,"M72_S03_f_HA","Hammer","f",3,0
"653","M72",7,"M72_S11_f_HA","Hammer","f",4,1
"654","M72",7,"M72_S05_f_HA","Hammer","f",5,0
"655","M72",7,"M72_S07_f_HA","Hammer","f",6,1
"656","M48",7,"M48_S15_m_HA","Hammer","m",1,1
"657","M48",7,"M48_S04_m_HA","Hammer","m",2,1
"658","M48",7,"M48_S01_m_HA","Hammer","m",3,1
"659","M48",7,"M48_S05_m_HA","Hammer","m",4,1
"660","M48",7,"M48_S06_m_HA","Hammer","m",5,1
"661","M48",7,"M48_S15_m_KA","Comb","m",1,1
"662","M48",7,"M48_S01_m_KA","Comb","m",2,0
"663","M48",7,"M48_S06_m_KA","Comb","m",3,0
"664","M48",7,"M48_S05_m_KA","Comb","m",4,0
"665","M72",7,"M72_S03_f_KA","Comb","f",1,1
"666","M72",7,"M72_S11_f_KA","Comb","f",2,1
"667","M72",7,"M72_S05_f_KA","Comb","f",3,1
"668","M72",7,"M72_S07_f_KA","Comb","f",4,0
"669","M72",7,"M72_S06_f_KA","Comb","f",5,0
"670","M72",7,"M72_S10_f_KA","Comb","f",6,0
"671","M72",7,"M72_S04_m_KA","Comb","m",1,0
"672","M72",7,"M72_S09_m_KA","Comb","m",2,1
"673","M72",7,"M72_S12_m_KA","Comb","m",3,0
"674","M72",7,"M72_S08_m_KA","Comb","m",4,0
"675","M72",7,"M72_S02_m_KA","Comb","m",5,1
"676","M48",7,"M48_S02_f_KA","Comb","f",1,0
"677","M48",7,"M48_S07_f_KA","Comb","f",2,1
"678","M48",7,"M48_S10_f_KA","Comb","f",3,0
"679","M48",7,"M48_S13_f_KA","Comb","f",4,0
"680","M72",8,"M72_S05_f_GA","Fork","f",1,0
"681","M72",8,"M72_S11_f_GA","Fork","f",2,1
"682","M72",8,"M72_S06_f_GA","Fork","f",3,0
"683","M72",8,"M72_S10_f_GA","Fork","f",4,1
"684","M72",8,"M72_S03_f_GA","Fork","f",5,1
"685","M72",8,"M72_S07_f_GA","Fork","f",6,1
"686","M48",8,"M48_S13_f_GA","Fork","f",1,0
"687","M48",8,"M48_S10_f_GA","Fork","f",2,1
"688","M48",8,"M48_S02_f_GA","Fork","f",3,1
"689","M48",8,"M48_S07_f_GA","Fork","f",4,0
"690","M48",8,"M48_S08_f_GA","Fork","f",5,0
"691","M48",8,"M48_S06_m_GA","Fork","m",1,0
"692","M48",8,"M48_S01_m_GA","Fork","m",2,0
"693","M48",8,"M48_S05_m_GA","Fork","m",3,0
"694","M48",8,"M48_S15_m_GA","Fork","m",4,1
"695","M72",8,"M72_S08_m_GA","Fork","m",1,1
"696","M72",8,"M72_S04_m_GA","Fork","m",2,0
"697","M72",8,"M72_S12_m_GA","Fork","m",3,0
"698","M72",8,"M72_S02_m_GA","Fork","m",4,1
"699","M72",8,"M72_S09_m_GA","Fork","m",5,1
"700","M72",8,"M72_S03_f_NI","Nothing","f",1,1
"701","M72",8,"M72_S06_f_NI","Nothing","f",2,0
"702","M72",8,"M72_S10_f_NI","Nothing","f",3,1
"703","M72",8,"M72_S05_f_NI","Nothing","f",4,1
"704","M72",8,"M72_S11_f_NI","Nothing","f",5,1
"705","M72",8,"M72_S07_f_NI","Nothing","f",6,1
"706","M72",8,"M72_S09_m_NI","Nothing","m",1,1
"707","M72",8,"M72_S02_m_NI","Nothing","m",2,1
"708","M72",8,"M72_S08_m_NI","Nothing","m",3,1
"709","M72",8,"M72_S12_m_NI","Nothing","m",4,0
"710","M72",8,"M72_S04_m_NI","Nothing","m",5,1
"711","M48",8,"M48_S15_m_NI","Nothing","m",1,0
"712","M48",8,"M48_S06_m_NI","Nothing","m",2,1
"713","M48",8,"M48_S13_f_NI","Nothing","f",1,1
"714","M48",8,"M48_S08_f_NI","Nothing","f",2,0
"715","M48",8,"M48_S02_f_NI","Nothing","f",3,1
"716","M48",8,"M48_S07_f_NI","Nothing","f",4,1
"717","M48",8,"M48_S10_f_KA","Comb","f",1,1
"718","M48",8,"M48_S13_f_KA","Comb","f",2,1
"719","M48",8,"M48_S07_f_KA","Comb","f",3,1
"720","M48",8,"M48_S02_f_KA","Comb","f",4,1
"721","M72",8,"M72_S12_m_KA","Comb","m",1,1
"722","M72",8,"M72_S02_m_KA","Comb","m",2,0
"723","M72",8,"M72_S04_m_KA","Comb","m",3,0
"724","M72",8,"M72_S08_m_KA","Comb","m",4,1
"725","M72",8,"M72_S09_m_KA","Comb","m",5,1
"726","M72",8,"M72_S03_f_KA","Comb","f",1,1
"727","M72",8,"M72_S05_f_KA","Comb","f",2,0
"728","M72",8,"M72_S10_f_KA","Comb","f",3,0
"729","M72",8,"M72_S11_f_KA","Comb","f",4,1
"730","M72",8,"M72_S06_f_KA","Comb","f",5,0
"731","M72",8,"M72_S07_f_KA","Comb","f",6,0
"732","M48",8,"M48_S01_m_KA","Comb","m",1,1
"733","M48",8,"M48_S15_m_KA","Comb","m",2,1
"734","M48",8,"M48_S05_m_KA","Comb","m",3,1
"735","M48",8,"M48_S06_m_KA","Comb","m",4,0
"736","M48",8,"M48_S13_f_FA","Bike","f",1,0
"737","M48",8,"M48_S08_f_FA","Bike","f",2,1
"738","M48",8,"M48_S10_f_FA","Bike","f",3,1
"739","M48",8,"M48_S07_f_FA","Bike","f",4,1
"740","M48",8,"M48_S02_f_FA","Bike","f",5,1
"741","M72",8,"M72_S07_f_FA","Bike","f",1,0
"742","M72",8,"M72_S05_f_FA","Bike","f",2,1
"743","M72",8,"M72_S03_f_FA","Bike","f",3,1
"744","M72",8,"M72_S10_f_FA","Bike","f",4,1
"745","M72",8,"M72_S11_f_FA","Bike","f",5,1
"746","M72",8,"M72_S06_f_FA","Bike","f",6,1
"747","M72",8,"M72_S12_m_FA","Bike","m",1,1
"748","M72",8,"M72_S09_m_FA","Bike","m",2,1
"749","M72",8,"M72_S02_m_FA","Bike","m",3,1
"750","M72",8,"M72_S04_m_FA","Bike","m",4,1
"751","M72",8,"M72_S08_m_FA","Bike","m",5,1
"752","M48",8,"M48_S01_m_FA","Bike","m",1,1
"753","M48",8,"M48_S05_m_FA","Bike","m",2,0
"754","M48",8,"M48_S15_m_FA","Bike","m",3,0
"755","M48",8,"M48_S06_m_FA","Bike","m",4,1
"756","M72",8,"M72_S08_m_HA","Hammer","m",1,1
"757","M72",8,"M72_S09_m_HA","Hammer","m",2,0
"758","M72",8,"M72_S02_m_HA","Hammer","m",3,0
"759","M72",8,"M72_S04_m_HA","Hammer","m",4,1
"760","M72",8,"M72_S12_m_HA","Hammer","m",5,0
"761","M48",8,"M48_S13_f_HA","Hammer","f",1,0
"762","M48",8,"M48_S10_f_HA","Hammer","f",2,1
"763","M48",8,"M48_S07_f_HA","Hammer","f",3,1
"764","M48",8,"M48_S02_f_HA","Hammer","f",4,1
"765","M48",8,"M48_S08_f_HA","Hammer","f",5,0
"766","M48",8,"M48_S05_m_HA","Hammer","m",1,1
"767","M48",8,"M48_S04_m_HA","Hammer","m",2,0
"768","M48",8,"M48_S01_m_HA","Hammer","m",3,1
"769","M48",8,"M48_S06_m_HA","Hammer","m",4,1
"770","M48",8,"M48_S15_m_HA","Hammer","m",5,1
"771","M72",8,"M72_S05_f_HA","Hammer","f",1,1
"772","M72",8,"M72_S07_f_HA","Hammer","f",2,1
"773","M72",8,"M72_S03_f_HA","Hammer","f",3,0
"774","M72",8,"M72_S11_f_HA","Hammer","f",4,1
"775","M72",8,"M72_S10_f_HA","Hammer","f",5,1
"776","M72",8,"M72_S06_f_HA","Hammer","f",6,0
"777","M72",9,"M72_S07_f_HA","Hammer","f",1,1
"778","M72",9,"M72_S03_f_HA","Hammer","f",2,1
"779","M72",9,"M72_S06_f_HA","Hammer","f",3,0
"780","M72",9,"M72_S05_f_HA","Hammer","f",4,0
"781","M72",9,"M72_S10_f_HA","Hammer","f",5,1
"782","M72",9,"M72_S11_f_HA","Hammer","f",6,1
"783","M72",9,"M72_S04_m_HA","Hammer","m",1,1
"784","M72",9,"M72_S09_m_HA","Hammer","m",2,0
"785","M72",9,"M72_S12_m_HA","Hammer","m",3,0
"786","M72",9,"M72_S08_m_HA","Hammer","m",4,1
"787","M72",9,"M72_S02_m_HA","Hammer","m",5,0
"788","M48",9,"M48_S08_f_HA","Hammer","f",1,0
"789","M48",9,"M48_S13_f_HA","Hammer","f",2,1
"790","M48",9,"M48_S02_f_HA","Hammer","f",3,1
"791","M48",9,"M48_S10_f_HA","Hammer","f",4,1
"792","M48",9,"M48_S07_f_HA","Hammer","f",5,1
"793","M48",9,"M48_S04_m_HA","Hammer","m",1,1
"794","M48",9,"M48_S05_m_HA","Hammer","m",2,1
"795","M48",9,"M48_S01_m_HA","Hammer","m",3,1
"796","M48",9,"M48_S06_m_HA","Hammer","m",4,1
"797","M48",9,"M48_S15_m_HA","Hammer","m",5,1
"798","M72",9,"M72_S11_f_GA","Fork","f",1,1
"799","M72",9,"M72_S10_f_GA","Fork","f",2,1
"800","M72",9,"M72_S07_f_GA","Fork","f",3,1
"801","M72",9,"M72_S06_f_GA","Fork","f",4,1
"802","M72",9,"M72_S05_f_GA","Fork","f",5,1
"803","M72",9,"M72_S03_f_GA","Fork","f",6,1
"804","M72",9,"M72_S02_m_GA","Fork","m",1,1
"805","M72",9,"M72_S08_m_GA","Fork","m",2,1
"806","M72",9,"M72_S04_m_GA","Fork","m",3,0
"807","M72",9,"M72_S09_m_GA","Fork","m",4,1
"808","M72",9,"M72_S12_m_GA","Fork","m",5,1
"809","M48",9,"M48_S07_f_GA","Fork","f",1,1
"810","M48",9,"M48_S10_f_GA","Fork","f",2,1
"811","M48",9,"M48_S02_f_GA","Fork","f",3,1
"812","M48",9,"M48_S08_f_GA","Fork","f",4,0
"813","M48",9,"M48_S13_f_GA","Fork","f",5,0
"814","M48",9,"M48_S06_m_GA","Fork","m",1,0
"815","M48",9,"M48_S05_m_GA","Fork","m",2,1
"816","M48",9,"M48_S15_m_GA","Fork","m",3,1
"817","M48",9,"M48_S01_m_GA","Fork","m",4,0
"818","M72",9,"M72_S07_f_NI","Nothing","f",1,1
"819","M72",9,"M72_S11_f_NI","Nothing","f",2,1
"820","M72",9,"M72_S06_f_NI","Nothing","f",3,1
"821","M72",9,"M72_S03_f_NI","Nothing","f",4,1
"822","M72",9,"M72_S10_f_NI","Nothing","f",5,1
"823","M72",9,"M72_S05_f_NI","Nothing","f",6,1
"824","M48",9,"M48_S07_f_NI","Nothing","f",1,1
"825","M48",9,"M48_S13_f_NI","Nothing","f",2,1
"826","M48",9,"M48_S08_f_NI","Nothing","f",3,0
"827","M48",9,"M48_S02_f_NI","Nothing","f",4,0
"828","M48",9,"M48_S06_m_NI","Nothing","m",1,1
"829","M48",9,"M48_S15_m_NI","Nothing","m",2,0
"830","M72",9,"M72_S08_m_NI","Nothing","m",1,1
"831","M72",9,"M72_S04_m_NI","Nothing","m",2,1
"832","M72",9,"M72_S12_m_NI","Nothing","m",3,1
"833","M72",9,"M72_S02_m_NI","Nothing","m",4,1
"834","M72",9,"M72_S09_m_NI","Nothing","m",5,1
"835","M48",9,"M48_S02_f_FA","Bike","f",1,1
"836","M48",9,"M48_S10_f_FA","Bike","f",2,1
"837","M48",9,"M48_S08_f_FA","Bike","f",3,1
"838","M48",9,"M48_S07_f_FA","Bike","f",4,1
"839","M48",9,"M48_S13_f_FA","Bike","f",5,1
"840","M72",9,"M72_S05_f_FA","Bike","f",1,1
"841","M72",9,"M72_S10_f_FA","Bike","f",2,1
"842","M72",9,"M72_S11_f_FA","Bike","f",3,1
"843","M72",9,"M72_S06_f_FA","Bike","f",4,1
"844","M72",9,"M72_S07_f_FA","Bike","f",5,0
"845","M72",9,"M72_S03_f_FA","Bike","f",6,1
"846","M72",9,"M72_S09_m_FA","Bike","m",1,1
"847","M72",9,"M72_S04_m_FA","Bike","m",2,1
"848","M72",9,"M72_S12_m_FA","Bike","m",3,1
"849","M72",9,"M72_S02_m_FA","Bike","m",4,1
"850","M72",9,"M72_S08_m_FA","Bike","m",5,1
"851","M48",9,"M48_S05_m_FA","Bike","m",1,1
"852","M48",9,"M48_S06_m_FA","Bike","m",2,1
"853","M48",9,"M48_S15_m_FA","Bike","m",3,1
"854","M48",9,"M48_S01_m_FA","Bike","m",4,1
"855","M72",9,"M72_S09_m_KA","Comb","m",1,1
"856","M72",9,"M72_S12_m_KA","Comb","m",2,0
"857","M72",9,"M72_S04_m_KA","Comb","m",3,0
"858","M72",9,"M72_S08_m_KA","Comb","m",4,1
"859","M72",9,"M72_S02_m_KA","Comb","m",5,1
"860","M72",9,"M72_S07_f_KA","Comb","f",1,0
"861","M72",9,"M72_S03_f_KA","Comb","f",2,1
"862","M72",9,"M72_S10_f_KA","Comb","f",3,0
"863","M72",9,"M72_S05_f_KA","Comb","f",4,1
"864","M72",9,"M72_S06_f_KA","Comb","f",5,0
"865","M72",9,"M72_S11_f_KA","Comb","f",6,0
"866","M48",9,"M48_S01_m_KA","Comb","m",1,1
"867","M48",9,"M48_S15_m_KA","Comb","m",2,0
"868","M48",9,"M48_S06_m_KA","Comb","m",3,0
"869","M48",9,"M48_S05_m_KA","Comb","m",4,1
"870","M48",9,"M48_S13_f_KA","Comb","f",1,0
"871","M48",9,"M48_S07_f_KA","Comb","f",2,1
"872","M48",9,"M48_S10_f_KA","Comb","f",3,0
"873","M48",9,"M48_S02_f_KA","Comb","f",4,1
"874","M72",10,"M72_S02_m_KA","Comb","m",1,1
"875","M72",10,"M72_S09_m_KA","Comb","m",2,1
"876","M72",10,"M72_S12_m_KA","Comb","m",3,1
"877","M72",10,"M72_S08_m_KA","Comb","m",4,1
"878","M72",10,"M72_S04_m_KA","Comb","m",5,0
"879","M72",10,"M72_S10_f_KA","Comb","f",1,0
"880","M72",10,"M72_S06_f_KA","Comb","f",2,1
"881","M72",10,"M72_S03_f_KA","Comb","f",3,1
"882","M72",10,"M72_S07_f_KA","Comb","f",4,1
"883","M72",10,"M72_S05_f_KA","Comb","f",5,1
"884","M72",10,"M72_S11_f_KA","Comb","f",6,1
"885","M48",10,"M48_S05_m_KA","Comb","m",1,1
"886","M48",10,"M48_S15_m_KA","Comb","m",2,1
"887","M48",10,"M48_S06_m_KA","Comb","m",3,0
"888","M48",10,"M48_S01_m_KA","Comb","m",4,1
"889","M48",10,"M48_S07_f_KA","Comb","f",1,1
"890","M48",10,"M48_S13_f_KA","Comb","f",2,0
"891","M48",10,"M48_S02_f_KA","Comb","f",3,0
"892","M48",10,"M48_S10_f_KA","Comb","f",4,0
"893","M72",10,"M72_S02_m_FA","Bike","m",1,1
"894","M72",10,"M72_S12_m_FA","Bike","m",2,1
"895","M72",10,"M72_S09_m_FA","Bike","m",3,1
"896","M72",10,"M72_S04_m_FA","Bike","m",4,1
"897","M72",10,"M72_S08_m_FA","Bike","m",5,1
"898","M48",10,"M48_S08_f_FA","Bike","f",1,1
"899","M48",10,"M48_S10_f_FA","Bike","f",2,1
"900","M48",10,"M48_S02_f_FA","Bike","f",3,1
"901","M48",10,"M48_S13_f_FA","Bike","f",4,1
"902","M48",10,"M48_S07_f_FA","Bike","f",5,1
"903","M72",10,"M72_S06_f_FA","Bike","f",1,1
"904","M72",10,"M72_S03_f_FA","Bike","f",2,1
"905","M72",10,"M72_S11_f_FA","Bike","f",3,1
"906","M72",10,"M72_S07_f_FA","Bike","f",4,0
"907","M72",10,"M72_S05_f_FA","Bike","f",5,1
"908","M72",10,"M72_S10_f_FA","Bike","f",6,1
"909","M48",10,"M48_S06_m_FA","Bike","m",1,1
"910","M48",10,"M48_S01_m_FA","Bike","m",2,0
"911","M48",10,"M48_S05_m_FA","Bike","m",3,1
"912","M48",10,"M48_S15_m_FA","Bike","m",4,1
"913","M72",10,"M72_S07_f_HA","Hammer","f",1,1
"914","M72",10,"M72_S05_f_HA","Hammer","f",2,0
"915","M72",10,"M72_S06_f_HA","Hammer","f",3,0
"916","M72",10,"M72_S03_f_HA","Hammer","f",4,0
"917","M72",10,"M72_S11_f_HA","Hammer","f",5,1
"918","M72",10,"M72_S10_f_HA","Hammer","f",6,1
"919","M48",10,"M48_S07_f_HA","Hammer","f",1,1
"920","M48",10,"M48_S08_f_HA","Hammer","f",2,0
"921","M48",10,"M48_S13_f_HA","Hammer","f",3,0
"922","M48",10,"M48_S10_f_HA","Hammer","f",4,1
"923","M48",10,"M48_S02_f_HA","Hammer","f",5,1
"924","M72",10,"M72_S09_m_HA","Hammer","m",1,1
"925","M72",10,"M72_S04_m_HA","Hammer","m",2,1
"926","M72",10,"M72_S02_m_HA","Hammer","m",3,1
"927","M72",10,"M72_S12_m_HA","Hammer","m",4,1
"928","M72",10,"M72_S08_m_HA","Hammer","m",5,1
"929","M48",10,"M48_S04_m_HA","Hammer","m",1,1
"930","M48",10,"M48_S01_m_HA","Hammer","m",2,1
"931","M48",10,"M48_S05_m_HA","Hammer","m",3,0
"932","M48",10,"M48_S06_m_HA","Hammer","m",4,1
"933","M48",10,"M48_S15_m_HA","Hammer","m",5,1
"934","M72",10,"M72_S10_f_GA","Fork","f",1,1
"935","M72",10,"M72_S03_f_GA","Fork","f",2,0
"936","M72",10,"M72_S05_f_GA","Fork","f",3,1
"937","M72",10,"M72_S06_f_GA","Fork","f",4,1
"938","M72",10,"M72_S11_f_GA","Fork","f",5,1
"939","M72",10,"M72_S07_f_GA","Fork","f",6,1
"940","M48",10,"M48_S07_f_GA","Fork","f",1,0
"941","M48",10,"M48_S10_f_GA","Fork","f",2,1
"942","M48",10,"M48_S02_f_GA","Fork","f",3,1
"943","M48",10,"M48_S08_f_GA","Fork","f",4,0
"944","M48",10,"M48_S13_f_GA","Fork","f",5,0
"945","M72",10,"M72_S04_m_GA","Fork","m",1,0
"946","M72",10,"M72_S12_m_GA","Fork","m",2,1
"947","M72",10,"M72_S09_m_GA","Fork","m",3,1
"948","M72",10,"M72_S02_m_GA","Fork","m",4,1
"949","M72",10,"M72_S08_m_GA","Fork","m",5,1
"950","M48",10,"M48_S05_m_GA","Fork","m",1,0
"951","M48",10,"M48_S06_m_GA","Fork","m",2,1
"952","M48",10,"M48_S15_m_GA","Fork","m",3,1
"953","M48",10,"M48_S01_m_GA","Fork","m",4,0
"954","M48",10,"M48_S07_f_NI","Nothing","f",1,1
"955","M48",10,"M48_S02_f_NI","Nothing","f",2,0
"956","M48",10,"M48_S08_f_NI","Nothing","f",3,1
"957","M48",10,"M48_S13_f_NI","Nothing","f",4,0
"958","M72",10,"M72_S12_m_NI","Nothing","m",1,1
"959","M72",10,"M72_S09_m_NI","Nothing","m",2,1
"960","M72",10,"M72_S04_m_NI","Nothing","m",3,1
"961","M72",10,"M72_S08_m_NI","Nothing","m",4,1
"962","M72",10,"M72_S02_m_NI","Nothing","m",5,1
"963","M48",10,"M48_S15_m_NI","Nothing","m",1,0
"964","M48",10,"M48_S06_m_NI","Nothing","m",2,1
"965","M72",10,"M72_S05_f_NI","Nothing","f",1,1
"966","M72",10,"M72_S06_f_NI","Nothing","f",2,1
"967","M72",10,"M72_S11_f_NI","Nothing","f",3,1
"968","M72",10,"M72_S03_f_NI","Nothing","f",4,1
"969","M72",10,"M72_S07_f_NI","Nothing","f",5,1
"970","M72",10,"M72_S10_f_NI","Nothing","f",6,1
"971","M72",11,"M72_S08_m_GA","Fork","m",1,1
"972","M72",11,"M72_S12_m_GA","Fork","m",2,1
"973","M72",11,"M72_S02_m_GA","Fork","m",3,1
"974","M72",11,"M72_S09_m_GA","Fork","m",4,1
"975","M72",11,"M72_S04_m_GA","Fork","m",5,1
"976","M72",11,"M72_S05_f_GA","Fork","f",1,0
"977","M72",11,"M72_S07_f_GA","Fork","f",2,1
"978","M72",11,"M72_S11_f_GA","Fork","f",3,0
"979","M72",11,"M72_S10_f_GA","Fork","f",4,1
"980","M72",11,"M72_S03_f_GA","Fork","f",5,0
"981","M72",11,"M72_S06_f_GA","Fork","f",6,1
"982","M48",11,"M48_S08_f_GA","Fork","f",1,0
"983","M48",11,"M48_S07_f_GA","Fork","f",2,1
"984","M48",11,"M48_S10_f_GA","Fork","f",3,0
"985","M48",11,"M48_S02_f_GA","Fork","f",4,1
"986","M48",11,"M48_S13_f_GA","Fork","f",5,0
"987","M48",11,"M48_S06_m_GA","Fork","m",1,1
"988","M48",11,"M48_S15_m_GA","Fork","m",2,1
"989","M48",11,"M48_S01_m_GA","Fork","m",3,0
"990","M48",11,"M48_S05_m_GA","Fork","m",4,0
"991","M72",11,"M72_S02_m_HA","Hammer","m",1,1
"992","M72",11,"M72_S08_m_HA","Hammer","m",2,1
"993","M72",11,"M72_S12_m_HA","Hammer","m",3,0
"994","M72",11,"M72_S04_m_HA","Hammer","m",4,1
"995","M72",11,"M72_S09_m_HA","Hammer","m",5,1
"996","M48",11,"M48_S01_m_HA","Hammer","m",1,1
"997","M48",11,"M48_S15_m_HA","Hammer","m",2,1
"998","M48",11,"M48_S06_m_HA","Hammer","m",3,1
"999","M48",11,"M48_S04_m_HA","Hammer","m",4,0
"1000","M48",11,"M48_S05_m_HA","Hammer","m",5,1
"1001","M72",11,"M72_S07_f_HA","Hammer","f",1,1
"1002","M72",11,"M72_S06_f_HA","Hammer","f",2,1
"1003","M72",11,"M72_S11_f_HA","Hammer","f",3,1
"1004","M72",11,"M72_S05_f_HA","Hammer","f",4,0
"1005","M72",11,"M72_S10_f_HA","Hammer","f",5,1
"1006","M72",11,"M72_S03_f_HA","Hammer","f",6,0
"1007","M48",11,"M48_S08_f_HA","Hammer","f",1,0
"1008","M48",11,"M48_S07_f_HA","Hammer","f",2,1
"1009","M48",11,"M48_S10_f_HA","Hammer","f",3,1
"1010","M48",11,"M48_S13_f_HA","Hammer","f",4,1
"1011","M48",11,"M48_S02_f_HA","Hammer","f",5,1
"1012","M72",11,"M72_S02_m_NI","Nothing","m",1,1
"1013","M72",11,"M72_S08_m_NI","Nothing","m",2,0
"1014","M72",11,"M72_S04_m_NI","Nothing","m",3,1
"1015","M72",11,"M72_S09_m_NI","Nothing","m",4,1
"1016","M72",11,"M72_S12_m_NI","Nothing","m",5,0
"1017","M72",11,"M72_S07_f_NI","Nothing","f",1,1
"1018","M72",11,"M72_S10_f_NI","Nothing","f",2,1
"1019","M72",11,"M72_S03_f_NI","Nothing","f",3,1
"1020","M72",11,"M72_S11_f_NI","Nothing","f",4,1
"1021","M72",11,"M72_S05_f_NI","Nothing","f",5,1
"1022","M72",11,"M72_S06_f_NI","Nothing","f",6,1
"1023","M48",11,"M48_S15_m_NI","Nothing","m",1,0
"1024","M48",11,"M48_S06_m_NI","Nothing","m",2,1
"1025","M48",11,"M48_S13_f_NI","Nothing","f",1,0
"1026","M48",11,"M48_S02_f_NI","Nothing","f",2,1
"1027","M48",11,"M48_S07_f_NI","Nothing","f",3,1
"1028","M48",11,"M48_S08_f_NI","Nothing","f",4,0
"1029","M48",11,"M48_S15_m_KA","Comb","m",1,1
"1030","M48",11,"M48_S06_m_KA","Comb","m",2,1
"1031","M48",11,"M48_S05_m_KA","Comb","m",3,1
"1032","M48",11,"M48_S01_m_KA","Comb","m",4,1
"1033","M48",11,"M48_S07_f_KA","Comb","f",1,1
"1034","M48",11,"M48_S02_f_KA","Comb","f",2,1
"1035","M48",11,"M48_S13_f_KA","Comb","f",3,0
"1036","M48",11,"M48_S10_f_KA","Comb","f",4,0
"1037","M72",11,"M72_S10_f_KA","Comb","f",1,0
"1038","M72",11,"M72_S06_f_KA","Comb","f",2,1
"1039","M72",11,"M72_S07_f_KA","Comb","f",3,1
"1040","M72",11,"M72_S05_f_KA","Comb","f",4,1
"1041","M72",11,"M72_S03_f_KA","Comb","f",5,1
"1042","M72",11,"M72_S11_f_KA","Comb","f",6,1
"1043","M72",11,"M72_S12_m_KA","Comb","m",1,1
"1044","M72",11,"M72_S09_m_KA","Comb","m",2,1
"1045","M72",11,"M72_S02_m_KA","Comb","m",3,1
"1046","M72",11,"M72_S08_m_KA","Comb","m",4,1
"1047","M72",11,"M72_S04_m_KA","Comb","m",5,0
"1048","M72",11,"M72_S11_f_FA","Bike","f",1,1
"1049","M72",11,"M72_S05_f_FA","Bike","f",2,1
"1050","M72",11,"M72_S10_f_FA","Bike","f",3,1
"1051","M72",11,"M72_S06_f_FA","Bike","f",4,1
"1052","M72",11,"M72_S03_f_FA","Bike","f",5,1
"1053","M72",11,"M72_S07_f_FA","Bike","f",6,0
"1054","M48",11,"M48_S06_m_FA","Bike","m",1,1
"1055","M48",11,"M48_S05_m_FA","Bike","m",2,1
"1056","M48",11,"M48_S01_m_FA","Bike","m",3,0
"1057","M48",11,"M48_S15_m_FA","Bike","m",4,0
"1058","M48",11,"M48_S13_f_FA","Bike","f",1,1
"1059","M48",11,"M48_S02_f_FA","Bike","f",2,1
"1060","M48",11,"M48_S10_f_FA","Bike","f",3,1
"1061","M48",11,"M48_S07_f_FA","Bike","f",4,1
"1062","M48",11,"M48_S08_f_FA","Bike","f",5,1
"1063","M72",11,"M72_S04_m_FA","Bike","m",1,1
"1064","M72",11,"M72_S12_m_FA","Bike","m",2,1
"1065","M72",11,"M72_S08_m_FA","Bike","m",3,1
"1066","M72",11,"M72_S09_m_FA","Bike","m",4,1
"1067","M72",11,"M72_S02_m_FA","Bike","m",5,1
"1068","M72",12,"M72_S02_m_FA","Bike","m",1,0
"1069","M72",12,"M72_S12_m_FA","Bike","m",2,0
"1070","M72",12,"M72_S08_m_FA","Bike","m",3,1
"1071","M72",12,"M72_S04_m_FA","Bike","m",4,1
"1072","M72",12,"M72_S09_m_FA","Bike","m",5,1
"1073","M48",12,"M48_S15_m_FA","Bike","m",1,1
"1074","M48",12,"M48_S06_m_FA","Bike","m",2,1
"1075","M48",12,"M48_S05_m_FA","Bike","m",3,1
"1076","M48",12,"M48_S01_m_FA","Bike","m",4,0
"1077","M72",12,"M72_S03_f_FA","Bike","f",1,1
"1078","M72",12,"M72_S11_f_FA","Bike","f",2,1
"1079","M72",12,"M72_S10_f_FA","Bike","f",3,0
"1080","M72",12,"M72_S06_f_FA","Bike","f",4,1
"1081","M72",12,"M72_S05_f_FA","Bike","f",5,1
"1082","M72",12,"M72_S07_f_FA","Bike","f",6,0
"1083","M48",12,"M48_S02_f_FA","Bike","f",1,1
"1084","M48",12,"M48_S08_f_FA","Bike","f",2,1
"1085","M48",12,"M48_S10_f_FA","Bike","f",3,1
"1086","M48",12,"M48_S07_f_FA","Bike","f",4,1
"1087","M48",12,"M48_S13_f_FA","Bike","f",5,1
"1088","M48",12,"M48_S08_f_GA","Fork","f",1,0
"1089","M48",12,"M48_S02_f_GA","Fork","f",2,0
"1090","M48",12,"M48_S10_f_GA","Fork","f",3,1
"1091","M48",12,"M48_S13_f_GA","Fork","f",4,0
"1092","M48",12,"M48_S07_f_GA","Fork","f",5,1
"1093","M48",12,"M48_S05_m_GA","Fork","m",1,0
"1094","M48",12,"M48_S01_m_GA","Fork","m",2,0
"1095","M48",12,"M48_S06_m_GA","Fork","m",3,1
"1096","M48",12,"M48_S15_m_GA","Fork","m",4,1
"1097","M72",12,"M72_S11_f_GA","Fork","f",1,1
"1098","M72",12,"M72_S03_f_GA","Fork","f",2,1
"1099","M72",12,"M72_S06_f_GA","Fork","f",3,1
"1100","M72",12,"M72_S07_f_GA","Fork","f",4,1
"1101","M72",12,"M72_S10_f_GA","Fork","f",5,1
"1102","M72",12,"M72_S05_f_GA","Fork","f",6,0
"1103","M72",12,"M72_S02_m_GA","Fork","m",1,1
"1104","M72",12,"M72_S04_m_GA","Fork","m",2,1
"1105","M72",12,"M72_S09_m_GA","Fork","m",3,1
"1106","M72",12,"M72_S08_m_GA","Fork","m",4,1
"1107","M72",12,"M72_S12_m_GA","Fork","m",5,1
"1108","M72",12,"M72_S11_f_NI","Nothing","f",1,1
"1109","M72",12,"M72_S07_f_NI","Nothing","f",2,1
"1110","M72",12,"M72_S10_f_NI","Nothing","f",3,1
"1111","M72",12,"M72_S06_f_NI","Nothing","f",4,1
"1112","M72",12,"M72_S03_f_NI","Nothing","f",5,1
"1113","M72",12,"M72_S05_f_NI","Nothing","f",6,1
"1114","M48",12,"M48_S15_m_NI","Nothing","m",1,0
"1115","M48",12,"M48_S06_m_NI","Nothing","m",2,1
"1116","M48",12,"M48_S02_f_NI","Nothing","f",1,1
"1117","M48",12,"M48_S13_f_NI","Nothing","f",2,1
"1118","M48",12,"M48_S08_f_NI","Nothing","f",3,0
"1119","M48",12,"M48_S07_f_NI","Nothing","f",4,1
"1120","M72",12,"M72_S02_m_NI","Nothing","m",1,1
"1121","M72",12,"M72_S04_m_NI","Nothing","m",2,1
"1122","M72",12,"M72_S08_m_NI","Nothing","m",3,1
"1123","M72",12,"M72_S09_m_NI","Nothing","m",4,1
"1124","M72",12,"M72_S12_m_NI","Nothing","m",5,0
"1125","M48",12,"M48_S08_f_HA","Hammer","f",1,0
"1126","M48",12,"M48_S07_f_HA","Hammer","f",2,1
"1127","M48",12,"M48_S10_f_HA","Hammer","f",3,1
"1128","M48",12,"M48_S13_f_HA","Hammer","f",4,0
"1129","M48",12,"M48_S02_f_HA","Hammer","f",5,1
"1130","M72",12,"M72_S09_m_HA","Hammer","m",1,1
"1131","M72",12,"M72_S08_m_HA","Hammer","m",2,1
"1132","M72",12,"M72_S12_m_HA","Hammer","m",3,0
"1133","M72",12,"M72_S04_m_HA","Hammer","m",4,1
"1134","M72",12,"M72_S02_m_HA","Hammer","m",5,0
"1135","M48",12,"M48_S15_m_HA","Hammer","m",1,1
"1136","M48",12,"M48_S01_m_HA","Hammer","m",2,1
"1137","M48",12,"M48_S06_m_HA","Hammer","m",3,1
"1138","M48",12,"M48_S05_m_HA","Hammer","m",4,1
"1139","M48",12,"M48_S04_m_HA","Hammer","m",5,0
"1140","M72",12,"M72_S05_f_HA","Hammer","f",1,1
"1141","M72",12,"M72_S03_f_HA","Hammer","f",2,0
"1142","M72",12,"M72_S07_f_HA","Hammer","f",3,1
"1143","M72",12,"M72_S11_f_HA","Hammer","f",4,0
"1144","M72",12,"M72_S06_f_HA","Hammer","f",5,0
"1145","M72",12,"M72_S10_f_HA","Hammer","f",6,1
"1146","M48",12,"M48_S02_f_KA","Comb","f",1,1
"1147","M48",12,"M48_S10_f_KA","Comb","f",2,0
"1148","M48",12,"M48_S13_f_KA","Comb","f",3,0
"1149","M48",12,"M48_S07_f_KA","Comb","f",4,1
"1150","M72",12,"M72_S09_m_KA","Comb","m",1,1
"1151","M72",12,"M72_S04_m_KA","Comb","m",2,0
"1152","M72",12,"M72_S08_m_KA","Comb","m",3,1
"1153","M72",12,"M72_S02_m_KA","Comb","m",4,1
"1154","M72",12,"M72_S12_m_KA","Comb","m",5,1
"1155","M48",12,"M48_S06_m_KA","Comb","m",1,1
"1156","M48",12,"M48_S01_m_KA","Comb","m",2,1
"1157","M48",12,"M48_S05_m_KA","Comb","m",3,1
"1158","M48",12,"M48_S15_m_KA","Comb","m",4,1
"1159","M72",12,"M72_S11_f_KA","Comb","f",1,0
"1160","M72",12,"M72_S05_f_KA","Comb","f",2,1
"1161","M72",12,"M72_S06_f_KA","Comb","f",3,0
"1162","M72",12,"M72_S07_f_KA","Comb","f",4,1
"1163","M72",12,"M72_S10_f_KA","Comb","f",5,0
"1164","M72",12,"M72_S03_f_KA","Comb","f",6,1
